[+0.053]  data=007fff800080ff8000000000000000
[+0.053] [hid] report: addr=b5:5d:e7:98:54:75 transport=BR_EDR len=15 data=007fff800080ff8000000000000000
[+0.106] [hid] report: addr=b5:5d:e7:98:54:75 transport=BR_EDR len=15 data=007fff800080ff8000000000000000
[+0.106] [hid] report: addr=b5:5d:e7:98:54:75 transport=BR_EDR len=15 data=007fff800080ff8000000000000000
[+0.106] [hid] report: addr=b5:5d:e7:98:54:75 transport=BR_EDR len=15 data=007fff800080ff8000000000000000
[+0.174] [hid] report: addr=b5:5d:e7:98:54:75 transport=BR_EDR len=15 data=007fff800080ff8000000000000000
[+0.174] [hid] report: addr=b5:5d:e7:98:54:75 transport=BR_EDR len=15 data=007fff800080ff8000000000000000
[+0.174] [hid] report: addr=b5:5d:e7:98:54:75 transport=BR_EDR len=15 data=007fff800080ff8000000000000000
[+0.241] [hid] report: addr=b5:5d:e7:98:54:75 transport=BR_EDR len=15 data=007fff800080ff8000000000000100
[+0.241] [hid] report: addr=b5:5d:e7:98:54:75 transport=BR_EDR len=15 data=007fff800080ff8000000000000100
[+0.241] [hid] report: addr=b5:5d:e7:98:54:75 transport=BR_EDR len=15 data=007fff800080ff8000000000000100
[+0.309] [hid] report: addr=b5:5d:e7:98:54:75 transport=BR_EDR len=15 data=007fff800080ff8000000000000100
[+0.309] [hid] report: addr=b5:5d:e7:98:54:75 transport=BR_EDR len=15 data=007fff800080ff8000000000000100
[+0.309] [hid] report: addr=b5:5d:e7:98:54:75 transport=BR_EDR len=15 data=007fff800080ff8000000000000100
[+0.377] [hid] report: addr=b5:5d:e7:98:54:75 transport=BR_EDR len=15 data=007fff800080ff8000000000000100
[+0.377] [hid] report: addr=b5:5d:e7:98:54:75 transport=BR_EDR len=15 data=007fff800080ff8000000000000100
[+0.377] [hid] report: addr=b5:5d:e7:98:54:75 transport=BR_EDR len=15 data=007fff800080ff8000000000000100
[+0.444] [hid] report: addr=b5:5d:e7:98:54:75 transport=BR_EDR len=15 data=007fff800080ff8000000000000000
[+0.444] [hid] report: addr=b5:5d:e7:98:54:75 transport=BR_EDR len=15 data=007fff800080ff8000000000000000
[+0.444] [hid] report: addr=b5:5d:e7:98:54:75 transport=BR_EDR len=15 data=007fff800080ff8000000000000000
[+0.511] [hid] report: addr=b5:5d:e7:98:54:75 transport=BR_EDR len=15 data=007fff800080ff8000000000000000
[+0.511] [hid] report: addr=b5:5d:e7:98:54:75 transport=BR_EDR len=15 data=007fff800080ff8000000000000000
[+0.511] [hid] report: addr=b5:5d:e7:98:54:75 transport=BR_EDR len=15 data=007fff800080ff8000000000000000
[+0.579] [hid] report: addr=b5:5d:e7:98:54:75 transport=BR_EDR len=15 data=007fff800080ff8000000000000000
[+0.579] [hid] report: addr=b5:5d:e7:98:54:75 transport=BR_EDR len=15 data=007fff800080ff8000000000000000
[+0.579] [hid] report: addr=b5:5d:e7:98:54:75 transport=BR_EDR len=15 data=007fff800080ff8000000000000000
[+0.646] [hid] report: addr=b5:5d:e7:98:54:75 transport=BR_EDR len=15 data=007fff800080ff8000000000000000
[+0.646] [hid] report: addr=b5:5d:e7:98:54:75 transport=BR_EDR len=15 data=0080ff800080ff8000000000000000
[+0.646] [hid] report: addr=b5:5d:e7:98:54:75 transport=BR_EDR len=15 data=0080ff800080ff8000000000000000
[+0.714] [hid] report: addr=b5:5d:e7:98:54:75 transport=BR_EDR len=15 data=0080ff800080ff8000000000010000
[+0.714] [hid] report: addr=b5:5d:e7:98:54:75 transport=BR_EDR len=15 data=0080ff800080ff8000000000010000
[+0.714] [hid] report: addr=b5:5d:e7:98:54:75 transport=BR_EDR len=15 data=0080ff800080ff8000000000010000
[+0.714] [hid] report: addr=b5:5d:e7:98:54:75 transport=BR_EDR len=15 data=0080ff800080ff8000000000010000
[+0.781] [hid] report: addr=b5:5d:e7:98:54:75 transport=BR_EDR len=15 data=0080ff800080ff8000000000010000
[+0.781] [hid] report: addr=b5:5d:e7:98:54:75 transport=BR_EDR len=15 data=0080ff800080ff8000000000010000
[+0.781] [hid] report: addr=b5:5d:e7:98:54:75 transport=BR_EDR len=15 data=0080ff800080ff8000000000010000
[+0.850] [hid] report: addr=b5:5d:e7:98:54:75 transport=BR_EDR len=15 data=0080ff800080ff8000000000010000
[+0.850] [hid] report: addr=b5:5d:e7:98:54:75 transport=BR_EDR len=15 data=0080ff800080ff8000000000010000
[+0.850] [hid] report: addr=b5:5d:e7:98:54:75 transport=BR_EDR len=15 data=0080ff800080ff8000000000010000
[+0.916] [hid] report: addr=b5:5d:e7:98:54:75 transport=BR_EDR len=15 data=0080ff800080ff8000000000000000
[+0.916] [hid] report: addr=b5:5d:e7:98:54:75 transport=BR_EDR len=15 data=0080ff800080ff8000000000000000
[+0.916] [hid] report: addr=b5:5d:e7:98:54:75 transport=BR_EDR len=15 data=0080ff800080ff8000000000000000
[+0.984] [hid] report: addr=b5:5d:e7:98:54:75 transport=BR_EDR len=15 data=0080ff800080ff8000000000000000
[+0.984] [hid] report: addr=b5:5d:e7:98:54:75 transport=BR_EDR len=15 data=0080ff800080ff8000000000000000
[+0.984] [hid] report: addr=b5:5d:e7:98:54:75 transport=BR_EDR len=15 data=0080ff800080ff8000000000000000
[+1.051] [hid] report: addr=b5:5d:e7:98:54:75 transport=BR_EDR len=15 data=0080ff800080ff8000000000000000
[+1.051] [hid] report: addr=b5:5d:e7:98:54:75 transport=BR_EDR len=15 data=0080ff800080ff8000000000000000
[+1.051] [hid] report: addr=b5:5d:e7:98:54:75 transport=BR_EDR len=15 data=0080ff800080ff8000000000000000
[+1.119] [hid] report: addr=b5:5d:e7:98:54:75 transport=BR_EDR len=15 data=0080ff800080ff8000000000000000
[+1.119] [hid] report: addr=b5:5d:e7:98:54:75 transport=BR_EDR len=15 data=0080ff800080ff8000000000000000
[+1.119] [hid] report: addr=b5:5d:e7:98:54:75 transport=BR_EDR len=15 data=0080ff800080ff8000000000000000
[+1.186] [hid] report: addr=b5:5d:e7:98:54:75 transport=BR_EDR len=15 data=0080ff800080ff8000000000000000
[+1.186] [hid] report: addr=b5:5d:e7:98:54:75 transport=BR_EDR len=15 data=0080ff800080ff8000000000000000
[+1.186] [hid] report: addr=b5:5d:e7:98:54:75 transport=BR_EDR len=15 data=0080ff800080ff8000000000000000
[+1.254] [hid] report: addr=b5:5d:e7:98:54:75 transport=BR_EDR len=15 data=0080ff800080ff8000000000000000
[+1.254] [hid] report: addr=b5:5d:e7:98:54:75 transport=BR_EDR len=15 data=0080ff800080ff8000000000000000
[+1.254] [hid] report: addr=b5:5d:e7:98:54:75 transport=BR_EDR len=15 data=0080ff800080ff8000000000010000
[+1.321] [hid] report: addr=b5:5d:e7:98:54:75 transport=BR_EDR len=15 data=0080ff800080ff8000000000010000
[+1.321] [hid] report: addr=b5:5d:e7:98:54:75 transport=BR_EDR len=15 data=0080ff800080ff8000000000010000
[+1.321] [hid] report: addr=b5:5d:e7:98:54:75 transport=BR_EDR len=15 data=0080ff800080ff8000000000010000
[+1.389] [hid] report: addr=b5:5d:e7:98:54:75 transport=BR_EDR len=15 data=0080ff800080ff8000000000010000
[+1.389] [hid] report: addr=b5:5d:e7:98:54:75 transport=BR_EDR len=15 data=0080ff800080ff8000000000010000
[+1.389] [hid] report: addr=b5:5d:e7:98:54:75 transport=BR_EDR len=15 data=0080ff800080ff8000000000010000
[+1.456] [hid] report: addr=b5:5d:e7:98:54:75 transport=BR_EDR len=15 data=0080ff800080ff8000000000010000
[+1.456] [hid] report: addr=b5:5d:e7:98:54:75 transport=BR_EDR len=15 data=0080ff800080ff8000000000010000
[+1.456] [hid] report: addr=b5:5d:e7:98:54:75 transport=BR_EDR len=15 data=0080ff800080ff8000000000000000
[+1.524] [hid] report: addr=b5:5d:e7:98:54:75 transport=BR_EDR len=15 data=0080ff800080ff8000000000000000
[+1.524] [hid] report: addr=b5:5d:e7:98:54:75 transport=BR_EDR len=15 data=0080ff800080ff8000000000000000
[+1.524] [hid] report: addr=b5:5d:e7:98:54:75 transport=BR_EDR len=15 data=0080ff800080ff8000000000000000
[+1.591] [hid] report: addr=b5:5d:e7:98:54:75 transport=BR_EDR len=15 data=0080ff800080ff8000000000000000
[+1.591] [hid] report: addr=b5:5d:e7:98:54:75 transport=BR_EDR len=15 data=0080ff800080ff8000000000000000
[+1.591] [hid] report: addr=b5:5d:e7:98:54:75 transport=BR_EDR len=15 data=0080ff800080ff8000000000000000
[+1.658] [hid] report: addr=b5:5d:e7:98:54:75 transport=BR_EDR len=15 data=0080ff800080ff8000000000000000
[+1.658] [hid] report: addr=b5:5d:e7:98:54:75 transport=BR_EDR len=15 data=0080ff800080ff8000000000000000
[+1.658] [hid] report: addr=b5:5d:e7:98:54:75 transport=BR_EDR len=15 data=0080ff800080ff8000000000000000
[+1.726] [hid] report: addr=b5:5d:e7:98:54:75 transport=BR_EDR len=15 data=0080ff800080ff8000000000000000
[+1.726] [hid] report: addr=b5:5d:e7:98:54:75 transport=BR_EDR len=15 data=0080ff800080ff8000000000000100
[+1.726] [hid] report: addr=b5:5d:e7:98:54:75 transport=BR_EDR len=15 data=0080ff800080ff8000000000000100
[+1.795] [hid] report: addr=b5:5d:e7:98:54:75 transport=BR_EDR len=15 data=0080ff800080ff8000000000000100
[+1.795] [hid] report: addr=b5:5d:e7:98:54:75 transport=BR_EDR len=15 data=0080ff800080ff8000000000000100
[+1.795] [hid] report: addr=b5:5d:e7:98:54:75 transport=BR_EDR len=15 data=0080ff800080ff8000000000000100
[+1.795] [hid] report: addr=b5:5d:e7:98:54:75 transport=BR_EDR len=15 data=0080ff800080ff8000000000000100
[+1.860] [hid] report: addr=b5:5d:e7:98:54:75 transport=BR_EDR len=15 data=0080ff800080ff8000000000000100
[+1.860] [hid] report: addr=b5:5d:e7:98:54:75 transport=BR_EDR len=15 data=0080ff800080ff8000000000000100
[+1.913] [hid] report: addr=b5:5d:e7:98:54:75 transport=BR_EDR len=15 data=0080ff800080ff8000000000000100
[+1.913] [hid] report: addr=b5:5d:e7:98:54:75 transport=BR_EDR len=15 data=0080ff800080ff8000000000000100
[+1.966] [hid] report: addr=b5:5d:e7:98:54:75 transport=BR_EDR len=15 data=0080ff800080ff8000000000000000
[+1.966] [hid] report: addr=b5:5d:e7:98:54:75 transport=BR_EDR len=15 data=0080ff800080ff8000000000000000
[+1.966] [hid] report: addr=b5:5d:e7:98:54:75 transport=BR_EDR len=15 data=0080ff800080ff8000000000000000
[+2.030] [hid] report: addr=b5:5d:e7:98:54:75 transport=BR_EDR len=15 data=0080ff800080ff8000000000000000
[+2.030] [hid] report: addr=b5:5d:e7:98:54:75 transport=BR_EDR len=15 data=0080ff800080ff8000000000000000
[+2.030] [hid] report: addr=b5:5d:e7:98:54:75 transport=BR_EDR len=15 data=0080ff800080ff8000000000000000
[+2.096] [hid] report: addr=b5:5d:e7:98:54:75 transport=BR_EDR len=15 data=0080ff800080ff8000000000000000
[+2.096] [hid] report: addr=b5:5d:e7:98:54:75 transport=BR_EDR len=15 data=0080ff800080ff8000000000000000
[+2.164] [hid] report: addr=b5:5d:e7:98:54:75 transport=BR_EDR len=15 data=0080ff800080ff8000000000000000
[+2.164] [hid] report: addr=b5:5d:e7:98:54:75 transport=BR_EDR len=15 data=0080ff800080ff8000000000000000
[+2.164] [hid] report: addr=b5:5d:e7:98:54:75 transport=BR_EDR len=15 data=0080ff800080ff8000000000000000
[+2.215] [hid] report: addr=b5:5d:e7:98:54:75 transport=BR_EDR len=15 data=0080ff800080ff8000000000000000
[+2.215] [hid] report: addr=b5:5d:e7:98:54:75 transport=BR_EDR len=15 data=0080ff800080ff8000000000000000
[+2.266] [hid] report: addr=b5:5d:e7:98:54:75 transport=BR_EDR len=15 data=0080ff800080ff8000000000000000
[+2.266] [hid] report: addr=b5:5d:e7:98:54:75 transport=BR_EDR len=15 data=0080ff800080ff8000000000000000
[+2.266] [hid] report: addr=b5:5d:e7:98:54:75 transport=BR_EDR len=15 data=0080ff800080ff8000000000000000
[+2.334] [hid] report: addr=b5:5d:e7:98:54:75 transport=BR_EDR len=15 data=0080ff800080ff8000000000000000
[+2.334] [hid] report: addr=b5:5d:e7:98:54:75 transport=BR_EDR len=15 data=0080ff800080ff8000000000000000
[+2.334] [hid] report: addr=b5:5d:e7:98:54:75 transport=BR_EDR len=15 data=0080ff800080ff8000000000000000
[+2.400] [hid] report: addr=b5:5d:e7:98:54:75 transport=BR_EDR len=15 data=0080ff800080ff8000000000000000
[+2.400] [hid] report: addr=b5:5d:e7:98:54:75 transport=BR_EDR len=15 data=0080ff800080ff8000000000000000
[+2.400] [hid] report: addr=b5:5d:e7:98:54:75 transport=BR_EDR len=15 data=0080ff800080ff8000000000000000
[+2.469] [hid] report: addr=b5:5d:e7:98:54:75 transport=BR_EDR len=15 data=0080ff800080ff8000000000030000
[+2.469] [hid] report: addr=b5:5d:e7:98:54:75 transport=BR_EDR len=15 data=0080ff800080ff8000000000030000
[+2.469] [hid] report: addr=b5:5d:e7:98:54:75 transport=BR_EDR len=15 data=0080ff800080ff8000000000030000
[+2.536] [hid] report: addr=b5:5d:e7:98:54:75 transport=BR_EDR len=15 data=0080ff800080ff8000000000030000
[+2.536] [hid] report: addr=b5:5d:e7:98:54:75 transport=BR_EDR len=15 data=0080ff800080ff8000000000030000
[+2.536] [hid] report: addr=b5:5d:e7:98:54:75 transport=BR_EDR len=15 data=0080ff800080ff8000000000030000
[+2.604] [hid] report: addr=b5:5d:e7:98:54:75 transport=BR_EDR len=15 data=0080ff800080ff8000000000030000
[+2.604] [hid] report: addr=b5:5d:e7:98:54:75 transport=BR_EDR len=15 data=0080ff800080ff8000000000030000
[+2.604] [hid] report: addr=b5:5d:e7:98:54:75 transport=BR_EDR len=15 data=0080ff800080ff8000000000000000
[+2.674] [hid] report: addr=b5:5d:e7:98:54:75 transport=BR_EDR len=15 data=0080ff800080ff8000000000000000
[+2.674] [hid] report: addr=b5:5d:e7:98:54:75 transport=BR_EDR len=15 data=0080ff800080ff8000000000000000
[+2.727] BLE: 60:b0:2b:89:dd:ed, RSSI: -69, UUID: 0x0000, APPEARANCE: 0x0000, ADDR_TYPE: 'PUBLIC', NAME: 'U-ACGDDEC'
[+2.727] BLE: 60:b0:2b:ef:a3:33, RSSI: -65, UUID: 0x0000, APPEARANCE: 0x0000, ADDR_TYPE: 'PUBLIC', NAME: 'U-ACGA332'
[+2.727] [hid] report: addr=b5:5d:e7:98:54:75 transport=BR_EDR len=15 data=0080ff800080ff8000000000000000
[+2.806] [hid] report: addr=b5:5d:e7:98:54:75 transport=BR_EDR len=15 data=0080ff800080ff8000000000000000
[+2.806] [hid] report: addr=b5:5d:e7:98:54:75 transport=BR_EDR len=15 data=0080ff800080ff8000000000000000
[+2.806] [hid] report: addr=b5:5d:e7:98:54:75 transport=BR_EDR len=15 data=0080ff800080ff8000000000000000
[+2.908] [hid] report: addr=b5:5d:e7:98:54:75 transport=BR_EDR len=15 data=0080ff800080ff8000000000000000
[+2.908] [hid] report: addr=b5:5d:e7:98:54:75 transport=BR_EDR len=15 data=0080ff800080ff8000000000000000
[+2.908] [hid] report: addr=b5:5d:e7:98:54:75 transport=BR_EDR len=15 data=0080ff800080ff8000000000000000
[+3.008] [hid] report: addr=b5:5d:e7:98:54:75 transport=BR_EDR len=15 data=0080ff800080ff8000000000000000
[+3.008] [hid] report: addr=b5:5d:e7:98:54:75 transport=BR_EDR len=15 data=0080ff800080ff8000000000000000
[+3.008] [hid] report: addr=b5:5d:e7:98:54:75 transport=BR_EDR len=15 data=0080ff800080ff8000000000000000
[+3.111] [hid] report: addr=b5:5d:e7:98:54:75 transport=BR_EDR len=15 data=0080ff800080ff8000000000000000
[+3.111] [hid] report: addr=b5:5d:e7:98:54:75 transport=BR_EDR len=15 data=0080ff800080ff8000000000000000
[+3.111] [hid] report: addr=b5:5d:e7:98:54:75 transport=BR_EDR len=15 data=0080ff800080ff8000000000000000
[+3.212] [hid] report: addr=b5:5d:e7:98:54:75 transport=BR_EDR len=15 data=0080ff800080ff8000000000000000
[+3.212] [hid] report: addr=b5:5d:e7:98:54:75 transport=BR_EDR len=15 data=0080ff800080ff8000000000000000
[+3.212] [hid] report: addr=b5:5d:e7:98:54:75 transport=BR_EDR len=15 data=0080ff800080ff8000000000000000
[+3.313] [hid] report: addr=b5:5d:e7:98:54:75 transport=BR_EDR len=15 data=0080ff800080ff8000000000070000
[+3.313] [hid] report: addr=b5:5d:e7:98:54:75 transport=BR_EDR len=15 data=0080ff800080ff8000000000070000
[+3.313] [hid] report: addr=b5:5d:e7:98:54:75 transport=BR_EDR len=15 data=0080ff800080ff8000000000070000
[+3.415] [hid] report: addr=b5:5d:e7:98:54:75 transport=BR_EDR len=15 data=0080ff800080ff8000000000070000
[+3.415] [hid] report: addr=b5:5d:e7:98:54:75 transport=BR_EDR len=15 data=0080ff800080ff8000000000070000
[+3.415] [hid] report: addr=b5:5d:e7:98:54:75 transport=BR_EDR len=15 data=0080ff800080ff8000000000070000
[+3.516] [hid] report: addr=b5:5d:e7:98:54:75 transport=BR_EDR len=15 data=0080ff800080ff8000000000000000
[+3.516] [hid] report: addr=b5:5d:e7:98:54:75 transport=BR_EDR len=15 data=0080ff800080ff8000000000000000
[+3.516] [hid] report: addr=b5:5d:e7:98:54:75 transport=BR_EDR len=15 data=0080ff800080ff8000000000000000
[+3.516] [hid] report: addr=b5:5d:e7:98:54:75 transport=BR_EDR len=15 data=0080ff800080ff8000000000000000
[+3.616] [hid] report: addr=b5:5d:e7:98:54:75 transport=BR_EDR len=15 data=0080ff800080ff8000000000000000
[+3.616] [hid] report: addr=b5:5d:e7:98:54:75 transport=BR_EDR len=15 data=0080ff800080ff8000000000000000
[+3.667] [hid] report: addr=b5:5d:e7:98:54:75 transport=BR_EDR len=15 data=0080ff800080ff8000000000000100
[+3.717] [hid] report: addr=b5:5d:e7:98:54:75 transport=BR_EDR len=15 data=0080ff800080ff8000000000000100
[+3.717] [hid] report: addr=b5:5d:e7:98:54:75 transport=BR_EDR len=15 data=0080ff800080ff8000000000000100
[+3.768] [hid] report: addr=b5:5d:e7:98:54:75 transport=BR_EDR len=15 data=0080ff800080ff8000000000000100
[+3.768] [hid] report: addr=b5:5d:e7:98:54:75 transport=BR_EDR len=15 data=0080ff800080ff8000000000000100
[+3.853] [hid] report: addr=b5:5d:e7:98:54:75 transport=BR_EDR len=15 data=0080ff800080ff8000000000000000
[+3.853] [hid] report: addr=b5:5d:e7:98:54:75 transport=BR_EDR len=15 data=0080ff800080ff8000000000000000
[+3.853] [hid] report: addr=b5:5d:e7:98:54:75 transport=BR_EDR len=15 data=0080ff800080ff8000000000000000
[+3.954] [hid] report: addr=b5:5d:e7:98:54:75 transport=BR_EDR len=15 data=0080ff800080ff8000000000000000
[+3.954] [hid] report: addr=b5:5d:e7:98:54:75 transport=BR_EDR len=15 data=0080ff800080ff8000000000000000
[+3.954] [hid] report: addr=b5:5d:e7:98:54:75 transport=BR_EDR len=15 data=0080ff800080ff8000000000000000
[+4.056] [hid] report: addr=b5:5d:e7:98:54:75 transport=BR_EDR len=15 data=0080ff800080ff8000000000000000
[+4.056] [hid] report: addr=b5:5d:e7:98:54:75 transport=BR_EDR len=15 data=0080ff800080ff8000000000000000
[+4.056] [hid] report: addr=b5:5d:e7:98:54:75 transport=BR_EDR len=15 data=0080ff800080ff8000000000000000
[+4.056] [hid] report: addr=b5:5d:e7:98:54:75 transport=BR_EDR len=15 data=0080ff800080ff8000000000000000
[+4.156] [hid] report: addr=b5:5d:e7:98:54:75 transport=BR_EDR len=15 data=0080ff800080ff8000000000000000
[+4.156] [hid] report: addr=b5:5d:e7:98:54:75 transport=BR_EDR len=15 data=0080ff800080ff8000000000050000
[+4.207] [hid] report: addr=b5:5d:e7:98:54:75 transport=BR_EDR len=15 data=0080ff800080ff8000000000050000
[+4.260] [hid] report: addr=b5:5d:e7:98:54:75 transport=BR_EDR len=15 data=0080ff800080ff8000000000050000
[+4.260] [hid] report: addr=b5:5d:e7:98:54:75 transport=BR_EDR len=15 data=0080ff800080ff8000000000050000
[+4.260] [hid] report: addr=b5:5d:e7:98:54:75 transport=BR_EDR len=15 data=0080ff800080ff8000000000050000
[+4.359] [hid] report: addr=b5:5d:e7:98:54:75 transport=BR_EDR len=15 data=0080ff800080ff8000000000000000
[+4.359] [hid] report: addr=b5:5d:e7:98:54:75 transport=BR_EDR len=15 data=0080ff800080ff8000000000000000
[+4.410] [hid] report: addr=b5:5d:e7:98:54:75 transport=BR_EDR len=15 data=0080ff800080ff8000000000000000
[+4.460] [hid] report: addr=b5:5d:e7:98:54:75 transport=BR_EDR len=15 data=0080ff800080ff8000000000000000
[+4.460] [hid] report: addr=b5:5d:e7:98:54:75 transport=BR_EDR len=15 data=0080ff800080ff8000000000000000
[+4.511] [hid] report: addr=b5:5d:e7:98:54:75 transport=BR_EDR len=15 data=0080ff800080ff8000000000000000
[+4.561] [hid] report: addr=b5:5d:e7:98:54:75 transport=BR_EDR len=15 data=0080ff800080ff8000000000050000
[+4.561] [hid] report: addr=b5:5d:e7:98:54:75 transport=BR_EDR len=15 data=0080ff800080ff8000000000050000
[+4.612] [hid] report: addr=b5:5d:e7:98:54:75 transport=BR_EDR len=15 data=0080ff800080ff8000000000050000
[+4.664] [hid] report: addr=b5:5d:e7:98:54:75 transport=BR_EDR len=15 data=0080ff800080ff8000000000050000
[+4.664] [hid] report: addr=b5:5d:e7:98:54:75 transport=BR_EDR len=15 data=0080ff800080ff8000000000050000
[+4.664] [hid] report: addr=b5:5d:e7:98:54:75 transport=BR_EDR len=15 data=0080ff800080ff8000000000050000
[+4.765] [hid] report: addr=b5:5d:e7:98:54:75 transport=BR_EDR len=15 data=0080ff800080ff8000000000000000
[+4.765] [hid] report: addr=b5:5d:e7:98:54:75 transport=BR_EDR len=15 data=0080ff800080ff8000000000000000
[+4.765] [hid] report: addr=b5:5d:e7:98:54:75 transport=BR_EDR len=15 data=0080ff800080ff8000000000000000
[+4.815] BLE: 52:c1:31:f5:39:05, RSSI: -63, UUID: 0xfdaa, APPEARANCE: 0x0000, ADDR_TYPE: 'RANDOM'
[+4.868] [hid] report: addr=b5:5d:e7:98:54:75 transport=BR_EDR len=15 data=0080ff800080ff8000000000000000
[+4.868] [hid] report: addr=b5:5d:e7:98:54:75 transport=BR_EDR len=15 data=0080ff800080ff8000000000000000
[+4.868] [hid] report: addr=b5:5d:e7:98:54:75 transport=BR_EDR len=15 data=0080ff800080ff8000000000000000
[+4.868] [hid] report: addr=b5:5d:e7:98:54:75 transport=BR_EDR len=15 data=0080ff800080ff8000000000000000
[+4.968] [hid] report: addr=b5:5d:e7:98:54:75 transport=BR_EDR len=15 data=0080ff800080ff8000000000000000
[+4.968] [hid] report: addr=b5:5d:e7:98:54:75 transport=BR_EDR len=15 data=0080ff800080ff8000000000000000
[+4.968] [hid] report: addr=b5:5d:e7:98:54:75 transport=BR_EDR len=15 data=0080ff800080ff8000000000000000
[+5.035] [hid] report: addr=b5:5d:e7:98:54:75 transport=BR_EDR len=15 data=0080ff800080ff8000000000000000
[+5.102] [hid] report: addr=b5:5d:e7:98:54:75 transport=BR_EDR len=15 data=0080ff800080ff8000000000000000
[+5.102] [hid] report: addr=b5:5d:e7:98:54:75 transport=BR_EDR len=15 data=0080ff800080ff8000000000000000
[+5.102] [hid] report: addr=b5:5d:e7:98:54:75 transport=BR_EDR len=15 data=0080ff800080ff8000000000000000
[+5.202] [hid] report: addr=b5:5d:e7:98:54:75 transport=BR_EDR len=15 data=0080ff800080ff8000000000050000
[+5.202] [hid] report: addr=b5:5d:e7:98:54:75 transport=BR_EDR len=15 data=0080ff800080ff8000000000050000
[+5.202] [hid] report: addr=b5:5d:e7:98:54:75 transport=BR_EDR len=15 data=0080ff800080ff8000000000050000
[+5.304] [hid] report: addr=b5:5d:e7:98:54:75 transport=BR_EDR len=15 data=0080ff800080ff8000000000050000
[+5.304] [hid] report: addr=b5:5d:e7:98:54:75 transport=BR_EDR len=15 data=0080ff800080ff8000000000050000
[+5.304] [hid] report: addr=b5:5d:e7:98:54:75 transport=BR_EDR len=15 data=0080ff800080ff8000000000050000
[+5.406] [hid] report: addr=b5:5d:e7:98:54:75 transport=BR_EDR len=15 data=0080ff800080ff8000000000050000
[+5.406] [hid] report: addr=b5:5d:e7:98:54:75 transport=BR_EDR len=15 data=0080ff800080ff8000000000050000
[+5.406] [hid] report: addr=b5:5d:e7:98:54:75 transport=BR_EDR len=15 data=0080ff800080ff8000000000050000
[+5.406] [hid] report: addr=b5:5d:e7:98:54:75 transport=BR_EDR len=15 data=0080ff800080ff8000000000000000
[+5.506] [hid] report: addr=b5:5d:e7:98:54:75 transport=BR_EDR len=15 data=0080ff800080ff8000000000000000
[+5.506] [hid] report: addr=b5:5d:e7:98:54:75 transport=BR_EDR len=15 data=0080ff800080ff8000000000000000
[+5.557] [hid] report: addr=b5:5d:e7:98:54:75 transport=BR_EDR len=15 data=0080ff800080ff8000000000000000
[+5.607] [hid] report: addr=b5:5d:e7:98:54:75 transport=BR_EDR len=15 data=0080ff800080ff8000000000000000
[+5.607] [hid] report: addr=b5:5d:e7:98:54:75 transport=BR_EDR len=15 data=0080ff800080ff8000000000000000
[+5.660] [hid] report: addr=b5:5d:e7:98:54:75 transport=BR_EDR len=15 data=0080ff800080ff8000000000000000
[+5.711] [hid] report: addr=b5:5d:e7:98:54:75 transport=BR_EDR len=15 data=0080ff800080ff8000000000000000
[+5.711] [hid] report: addr=b5:5d:e7:98:54:75 transport=BR_EDR len=15 data=0080ff800080ff8000000000000000
[+5.711] [hid] report: addr=b5:5d:e7:98:54:75 transport=BR_EDR len=15 data=0080ff800080ff8000000000000000
[+5.810] [hid] report: addr=b5:5d:e7:98:54:75 transport=BR_EDR len=15 data=0080ff800080ff8000000000000000
[+5.810] [hid] report: addr=b5:5d:e7:98:54:75 transport=BR_EDR len=15 data=0080ff800080ff8000000000000000
[+5.861] [hid] report: addr=b5:5d:e7:98:54:75 transport=BR_EDR len=15 data=0080ff800080ff8000000000000000
[+5.914] [hid] report: addr=b5:5d:e7:98:54:75 transport=BR_EDR len=15 data=0080ff800080ff8000000000000000
[+5.914] [hid] report: addr=b5:5d:e7:98:54:75 transport=BR_EDR len=15 data=0080ff800080ff8000000000000000
[+5.914] [hid] report: addr=b5:5d:e7:98:54:75 transport=BR_EDR len=15 data=0080ff800080ff8000000000000000
[+6.013] [hid] report: addr=b5:5d:e7:98:54:75 transport=BR_EDR len=15 data=0080ff800080ff8000000000000000
[+6.013] [hid] report: addr=b5:5d:e7:98:54:75 transport=BR_EDR len=15 data=0080ff800080ff8000000000050000
[+6.013] [hid] report: addr=b5:5d:e7:98:54:75 transport=BR_EDR len=15 data=0080ff800080ff8000000000050000
[+6.114] [hid] report: addr=b5:5d:e7:98:54:75 transport=BR_EDR len=15 data=0080ff80007fff8000000000050000
[+6.114] [hid] report: addr=b5:5d:e7:98:54:75 transport=BR_EDR len=15 data=0080ff80007fff8000000000050000
[+6.114] [hid] report: addr=b5:5d:e7:98:54:75 transport=BR_EDR len=15 data=0080ff80007fff8000000000050000
[+6.216] [hid] report: addr=b5:5d:e7:98:54:75 transport=BR_EDR len=15 data=0080ff800080ff7f00000000050000
[+6.216] [hid] report: addr=b5:5d:e7:98:54:75 transport=BR_EDR len=15 data=0080ff800080ff7f00000000050000
[+6.216] [hid] report: addr=b5:5d:e7:98:54:75 transport=BR_EDR len=15 data=0080ff800080ff7f00000000050000
[+6.216] [hid] report: addr=b5:5d:e7:98:54:75 transport=BR_EDR len=15 data=0080ff800080ff7f00000000000000
[+6.316] [hid] report: addr=b5:5d:e7:98:54:75 transport=BR_EDR len=15 data=0080ff800080ff7f00000000000000
[+6.316] [hid] report: addr=b5:5d:e7:98:54:75 transport=BR_EDR len=15 data=0080ff800080ff7f00000000000000
[+6.367] [hid] report: addr=b5:5d:e7:98:54:75 transport=BR_EDR len=15 data=0080ff800080ff7f00000000000100
[+6.367] [hid] report: addr=b5:5d:e7:98:54:75 transport=BR_EDR len=15 data=0080ff800080ff7f00000000000100
[+6.452] [hid] report: addr=b5:5d:e7:98:54:75 transport=BR_EDR len=15 data=0080ff800080ff7f00000000000100
[+6.452] [hid] report: addr=b5:5d:e7:98:54:75 transport=BR_EDR len=15 data=0080ff800080ff7f00000000000100
[+6.452] [hid] report: addr=b5:5d:e7:98:54:75 transport=BR_EDR len=15 data=0080ff800080ff7f00000000000100
[+6.553] [hid] report: addr=b5:5d:e7:98:54:75 transport=BR_EDR len=15 data=0080ff800080ff7f00000000000000
[+6.553] [hid] report: addr=b5:5d:e7:98:54:75 transport=BR_EDR len=15 data=0080ff800080ff7f00000000000000
[+6.553] [hid] report: addr=b5:5d:e7:98:54:75 transport=BR_EDR len=15 data=0080ff800080ff7f00000000000000
[+6.653] [hid] report: addr=b5:5d:e7:98:54:75 transport=BR_EDR len=15 data=0080ff800080ff7f00000000000000
[+6.653] [hid] report: addr=b5:5d:e7:98:54:75 transport=BR_EDR len=15 data=0080ff800080ff7f00000000000000
[+6.653] [hid] report: addr=b5:5d:e7:98:54:75 transport=BR_EDR len=15 data=0080ff800080ff7f00000000000000
[+6.705] [hid] report: addr=b5:5d:e7:98:54:75 transport=BR_EDR len=15 data=0080ff800080ff7f00000000000000
[+6.758] [hid] report: addr=b5:5d:e7:98:54:75 transport=BR_EDR len=15 data=0080ff800080ff7f00000000000000
[+6.758] [hid] report: addr=b5:5d:e7:98:54:75 transport=BR_EDR len=15 data=0080ff800080ff7f00000000000000
[+6.758] [hid] report: addr=b5:5d:e7:98:54:75 transport=BR_EDR len=15 data=0080ff800080ff7f00000000000000
[+6.856] [hid] report: addr=b5:5d:e7:98:54:75 transport=BR_EDR len=15 data=0080ff800080ff7f00000000000000
[+6.856] [hid] report: addr=b5:5d:e7:98:54:75 transport=BR_EDR len=15 data=0080ff800080ff7f00000000000000
[+6.907] [hid] report: addr=b5:5d:e7:98:54:75 transport=BR_EDR len=15 data=0080ff800080ff7f00000000070000
[+6.960] [hid] report: addr=b5:5d:e7:98:54:75 transport=BR_EDR len=15 data=0080ff800080ff7f00000000070000
[+6.960] [hid] report: addr=b5:5d:e7:98:54:75 transport=BR_EDR len=15 data=007fff800080ff7f00000000070000
[+6.960] [hid] report: addr=b5:5d:e7:98:54:75 transport=BR_EDR len=15 data=007fff800080ff7f00000000070000
[+7.059] [hid] report: addr=b5:5d:e7:98:54:75 transport=BR_EDR len=15 data=007fff800080ff7f00000000070000
[+7.059] [hid] report: addr=b5:5d:e7:98:54:75 transport=BR_EDR len=15 data=007fff800080ff7f00000000070000
[+7.109] [hid] report: addr=b5:5d:e7:98:54:75 transport=BR_EDR len=15 data=007fff800080ff7f00000000000000
[+7.160] [hid] report: addr=b5:5d:e7:98:54:75 transport=BR_EDR len=15 data=007fff800080ff7f00000000000000
[+7.160] [hid] report: addr=b5:5d:e7:98:54:75 transport=BR_EDR len=15 data=007fff800080ff7f00000000000200
[+7.211] [hid] report: addr=b5:5d:e7:98:54:75 transport=BR_EDR len=15 data=007fff800080ff7f00000000000200
[+7.211] [hid] report: addr=b5:5d:e7:98:54:75 transport=BR_EDR len=15 data=007fff800080ff7f00000000000200
[+7.261] [hid] report: addr=b5:5d:e7:98:54:75 transport=BR_EDR len=15 data=007fff800080ff7f00000000000200
[+7.261] [hid] report: addr=b5:5d:e7:98:54:75 transport=BR_EDR len=15 data=007fff800080ff7f00000000000200
[+7.312] [hid] report: addr=b5:5d:e7:98:54:75 transport=BR_EDR len=15 data=007fff800080ff7f00000000000200
[+7.364] [hid] report: addr=b5:5d:e7:98:54:75 transport=BR_EDR len=15 data=007fff800080ff7f00000000000200
[+7.364] [hid] report: addr=b5:5d:e7:98:54:75 transport=BR_EDR len=15 data=007fff800080ff7f00000000000000
[+7.364] [hid] report: addr=b5:5d:e7:98:54:75 transport=BR_EDR len=15 data=007fff800080ff7f00000000000000
[+7.364] [hid] report: addr=b5:5d:e7:98:54:75 transport=BR_EDR len=15 data=007fff800080ff7f00000000000000
[+7.415] [hid] report: addr=b5:5d:e7:98:54:75 transport=BR_EDR len=15 data=007fff800080ff7f00000000000000
[+7.466] [hid] report: addr=b5:5d:e7:98:54:75 transport=BR_EDR len=15 data=007fff800080ff7f00000000000000
[+7.466] [hid] report: addr=b5:5d:e7:98:54:75 transport=BR_EDR len=15 data=007fff800080ff7f00000000000000
[+7.466] [hid] report: addr=b5:5d:e7:98:54:75 transport=BR_EDR len=15 data=007fff800080ff7f00000000000000
[+7.565] [hid] report: addr=b5:5d:e7:98:54:75 transport=BR_EDR len=15 data=007fff800080ff7f00000000000000
[+7.565] [hid] report: addr=b5:5d:e7:98:54:75 transport=BR_EDR len=15 data=007fff800080ff7f00000000000000
[+7.615] [hid] report: addr=b5:5d:e7:98:54:75 transport=BR_EDR len=15 data=007fff800080ff7f00000000010000
[+7.666] [hid] report: addr=b5:5d:e7:98:54:75 transport=BR_EDR len=15 data=007fff800080ff7f00000000010000
[+7.666] [hid] report: addr=b5:5d:e7:98:54:75 transport=BR_EDR len=15 data=007fff800080ff7f00000000010000
[+7.716] [hid] report: addr=b5:5d:e7:98:54:75 transport=BR_EDR len=15 data=007fff800080ff7f00000000010000
[+7.716] [hid] report: addr=b5:5d:e7:98:54:75 transport=BR_EDR len=15 data=007fff800080ff7f00000000010000
[+7.768] [hid] report: addr=b5:5d:e7:98:54:75 transport=BR_EDR len=15 data=007fff800080ff7f00000000000000
[+7.768] [hid] report: addr=b5:5d:e7:98:54:75 transport=BR_EDR len=15 data=007fff800080ff7f00000000000000
[+7.768] [hid] report: addr=b5:5d:e7:98:54:75 transport=BR_EDR len=15 data=007fff800080ff7f00000000000100
[+7.837] [hid] report: addr=b5:5d:e7:98:54:75 transport=BR_EDR len=15 data=007fff800080ff7f00000000000100
[+7.837] [hid] report: addr=b5:5d:e7:98:54:75 transport=BR_EDR len=15 data=007fff800080ff7f00000000000100
[+7.837] [hid] report: addr=b5:5d:e7:98:54:75 transport=BR_EDR len=15 data=007fff800080ff7f00000000000100
[+7.903] [hid] report: addr=b5:5d:e7:98:54:75 transport=BR_EDR len=15 data=007fff800080ff7f00000000000100
[+7.903] [hid] report: addr=b5:5d:e7:98:54:75 transport=BR_EDR len=15 data=007fff800080ff7f00000000000100
[+7.903] [hid] report: addr=b5:5d:e7:98:54:75 transport=BR_EDR len=15 data=007fff800080ff7f00000000000000
[+7.970] [hid] report: addr=b5:5d:e7:98:54:75 transport=BR_EDR len=15 data=007fff800080ff7f00000000000000
[+7.970] [hid] report: addr=b5:5d:e7:98:54:75 transport=BR_EDR len=15 data=007fff800080ff7f00000000000000
[+7.970] [hid] report: addr=b5:5d:e7:98:54:75 transport=BR_EDR len=15 data=007fff800080ff7f00000000000000
[+8.036] [hid] report: addr=b5:5d:e7:98:54:75 transport=BR_EDR len=15 data=007fff800080ff7f00000000000000
[+8.036] [hid] report: addr=b5:5d:e7:98:54:75 transport=BR_EDR len=15 data=007fff800080ff7f00000000000000
[+8.036] [hid] report: addr=b5:5d:e7:98:54:75 transport=BR_EDR len=15 data=007fff800080ff7f00000000000000
[+8.105] [hid] report: addr=b5:5d:e7:98:54:75 transport=BR_EDR len=15 data=007fff800080ff7f00000000030000
[+8.105] [hid] report: addr=b5:5d:e7:98:54:75 transport=BR_EDR len=15 data=007fff800080ff7f00000000030000
[+8.105] [hid] report: addr=b5:5d:e7:98:54:75 transport=BR_EDR len=15 data=007fff800080ff7f00000000030000
[+8.105] [hid] report: addr=b5:5d:e7:98:54:75 transport=BR_EDR len=15 data=007fff800080ff7f00000000030000
[+8.172] [hid] report: addr=b5:5d:e7:98:54:75 transport=BR_EDR len=15 data=007fff800080ff7f00000000030000
[+8.172] [hid] report: addr=b5:5d:e7:98:54:75 transport=BR_EDR len=15 data=007fff800080ff7f00000000030000
[+8.223] [hid] report: addr=b5:5d:e7:98:54:75 transport=BR_EDR len=15 data=007fff800080ff7f00000000030000
[+8.223] [hid] report: addr=b5:5d:e7:98:54:75 transport=BR_EDR len=15 data=007fff800080ff7f00000000030000
[+8.275] [hid] report: addr=b5:5d:e7:98:54:75 transport=BR_EDR len=15 data=007fff800080ff7f00000000030200
[+8.275] [hid] report: addr=b5:5d:e7:98:54:75 transport=BR_EDR len=15 data=007fff800080ff7f00000000030200
[+8.275] [hid] report: addr=b5:5d:e7:98:54:75 transport=BR_EDR len=15 data=007fff800080ff7f00000000000200
[+8.275] [hid] report: addr=b5:5d:e7:98:54:75 transport=BR_EDR len=15 data=007fff800080ff7f00000000000200
[+8.340] [hid] report: addr=b5:5d:e7:98:54:75 transport=BR_EDR len=15 data=007fff800080ff7f00000000000200
[+8.340] [hid] report: addr=b5:5d:e7:98:54:75 transport=BR_EDR len=15 data=007fff800080ff7f00000000000200
[+8.391] [hid] report: addr=b5:5d:e7:98:54:75 transport=BR_EDR len=15 data=007fff800080ff7f00000000000200
[+8.391] [hid] report: addr=b5:5d:e7:98:54:75 transport=BR_EDR len=15 data=007fff800080ff7f00000000000200
[+8.391] [hid] report: addr=b5:5d:e7:98:54:75 transport=BR_EDR len=15 data=007fff800080ff7f00000000000000
[+8.442] [hid] report: addr=b5:5d:e7:98:54:75 transport=BR_EDR len=15 data=007fff800080ff7f00000000000000
[+8.442] [hid] report: addr=b5:5d:e7:98:54:75 transport=BR_EDR len=15 data=007fff800080ff7f00000000000000
[+8.493] [hid] report: addr=b5:5d:e7:98:54:75 transport=BR_EDR len=15 data=007fff800080ff7f00000000000000
[+8.493] [hid] report: addr=b5:5d:e7:98:54:75 transport=BR_EDR len=15 data=007fff800080ff7f00000000000000
[+8.544] [hid] report: addr=b5:5d:e7:98:54:75 transport=BR_EDR len=15 data=007fff800080ff7f00000000000000
[+8.544] [hid] report: addr=b5:5d:e7:98:54:75 transport=BR_EDR len=15 data=007fff800080ff7f00000000000000
[+8.544] [hid] report: addr=b5:5d:e7:98:54:75 transport=BR_EDR len=15 data=007fff800080ff7f00000000000000
[+8.611] [hid] report: addr=b5:5d:e7:98:54:75 transport=BR_EDR len=15 data=007fff800080ff7f00000000000000
[+8.611] [hid] report: addr=b5:5d:e7:98:54:75 transport=BR_EDR len=15 data=007fff800080ff7f00000000000000
[+8.611] [hid] report: addr=b5:5d:e7:98:54:75 transport=BR_EDR len=15 data=007fff800080ff7f00000000000000
[+8.679] [hid] report: addr=b5:5d:e7:98:54:75 transport=BR_EDR len=15 data=007fff800080ff7f00000000000000
[+8.679] [hid] report: addr=b5:5d:e7:98:54:75 transport=BR_EDR len=15 data=007fff800080ff7f00000000070000
[+8.679] [hid] report: addr=b5:5d:e7:98:54:75 transport=BR_EDR len=15 data=007fff800080ff7f00000000070000
[+8.746] [hid] report: addr=b5:5d:e7:98:54:75 transport=BR_EDR len=15 data=007fff800080ff7f00000000070000
[+8.746] [hid] report: addr=b5:5d:e7:98:54:75 transport=BR_EDR len=15 data=007fff800080ff7f00000000070000
[+8.746] [hid] report: addr=b5:5d:e7:98:54:75 transport=BR_EDR len=15 data=007fff800080ff7f00000000070000
[+8.813] [hid] report: addr=b5:5d:e7:98:54:75 transport=BR_EDR len=15 data=007fff800080ff7f00000000070000
[+8.813] [hid] report: addr=b5:5d:e7:98:54:75 transport=BR_EDR len=15 data=007fff800080ff7f00000000070000
[+8.813] [hid] report: addr=b5:5d:e7:98:54:75 transport=BR_EDR len=15 data=007fff800080ff7f00000000070000
[+8.864] [hid] report: addr=b5:5d:e7:98:54:75 transport=BR_EDR len=15 data=007fff800080ff7f00000000000100
[+8.864] [hid] report: addr=b5:5d:e7:98:54:75 transport=BR_EDR len=15 data=007fff800080ff7f00000000000100
[+8.915] [hid] report: addr=b5:5d:e7:98:54:75 transport=BR_EDR len=15 data=007fff800080ff7f00000000000100
[+8.915] [hid] report: addr=b5:5d:e7:98:54:75 transport=BR_EDR len=15 data=007fff800080ff7f00000000000100
[+8.915] [hid] report: addr=b5:5d:e7:98:54:75 transport=BR_EDR len=15 data=007fff800080ff7f00000000000100
[+8.915] [hid] report: addr=b5:5d:e7:98:54:75 transport=BR_EDR len=15 data=007fff800080ff7f00000000000100
[+8.982] [hid] report: addr=b5:5d:e7:98:54:75 transport=BR_EDR len=15 data=007fff800080ff7f00000000000100
[+8.982] [hid] report: addr=b5:5d:e7:98:54:75 transport=BR_EDR len=15 data=007fff800080ff7f00000000000100
[+9.033] [hid] report: addr=b5:5d:e7:98:54:75 transport=BR_EDR len=15 data=007fff800080ff7f00000000000100
[+9.033] [hid] report: addr=b5:5d:e7:98:54:75 transport=BR_EDR len=15 data=007fff800080ff7f00000000000000
[+9.084] [hid] report: addr=b5:5d:e7:98:54:75 transport=BR_EDR len=15 data=007fff800080ff7f00000000000000
[+9.084] [hid] report: addr=b5:5d:e7:98:54:75 transport=BR_EDR len=15 data=007fff800080ff7f00000000000000
[+9.084] [hid] report: addr=b5:5d:e7:98:54:75 transport=BR_EDR len=15 data=007fff800080ff7f00000000000000
[+9.151] [hid] report: addr=b5:5d:e7:98:54:75 transport=BR_EDR len=15 data=007fff800080ff7f00000000000000
[+9.151] [hid] report: addr=b5:5d:e7:98:54:75 transport=BR_EDR len=15 data=007fff800080ff7f00000000000000
[+9.151] [hid] report: addr=b5:5d:e7:98:54:75 transport=BR_EDR len=15 data=007fff800080ff7f00000000000000
[+9.151] [hid] report: addr=b5:5d:e7:98:54:75 transport=BR_EDR len=15 data=007fff800080ff7f00000000010000
[+9.219] [hid] report: addr=b5:5d:e7:98:54:75 transport=BR_EDR len=15 data=007fff800080ff7f00000000010000
[+9.219] [hid] report: addr=b5:5d:e7:98:54:75 transport=BR_EDR len=15 data=007fff800080ff7f00000000010000
[+9.219] [hid] report: addr=b5:5d:e7:98:54:75 transport=BR_EDR len=15 data=007fff800080ff7f00000000010000
[+9.286] [hid] report: addr=b5:5d:e7:98:54:75 transport=BR_EDR len=15 data=007fff800080ff7f00000000010000
[+9.286] [hid] report: addr=b5:5d:e7:98:54:75 transport=BR_EDR len=15 data=007fff800080ff7f00000000010000
[+9.286] [hid] report: addr=b5:5d:e7:98:54:75 transport=BR_EDR len=15 data=007fff800080ff7f00000000010000
[+9.354] [hid] report: addr=b5:5d:e7:98:54:75 transport=BR_EDR len=15 data=007fff800080ff7f00000000010000
[+9.354] [hid] report: addr=b5:5d:e7:98:54:75 transport=BR_EDR len=15 data=007fff800080ff7f00000000010000
[+9.354] [hid] report: addr=b5:5d:e7:98:54:75 transport=BR_EDR len=15 data=007fff800080ff7f00000000010000
[+9.421] [hid] report: addr=b5:5d:e7:98:54:75 transport=BR_EDR len=15 data=007fff800080ff7f00000000010000
[+9.421] [hid] report: addr=b5:5d:e7:98:54:75 transport=BR_EDR len=15 data=007fff800080ff7f00000000010000
[+9.422] [hid] report: addr=b5:5d:e7:98:54:75 transport=BR_EDR len=15 data=007fff800080ff7f00000000000200
[+9.489] [hid] report: addr=b5:5d:e7:98:54:75 transport=BR_EDR len=15 data=007fff800080ff7f00000000000200
[+9.489] [hid] report: addr=b5:5d:e7:98:54:75 transport=BR_EDR len=15 data=007fff800080ff7f00000000000200
[+9.489] [hid] report: addr=b5:5d:e7:98:54:75 transport=BR_EDR len=15 data=007fff800080ff7f00000000000200
[+9.555] [hid] report: addr=b5:5d:e7:98:54:75 transport=BR_EDR len=15 data=007fff800080ff7f00000000000200
[+9.555] [hid] report: addr=b5:5d:e7:98:54:75 transport=BR_EDR len=15 data=007fff800080ff7f00000000000000
[+9.555] [hid] report: addr=b5:5d:e7:98:54:75 transport=BR_EDR len=15 data=007fff800080ff7f00000000000000
[+9.624] [hid] report: addr=b5:5d:e7:98:54:75 transport=BR_EDR len=15 data=007fff800080ff7f00000000000000
[+9.624] [hid] report: addr=b5:5d:e7:98:54:75 transport=BR_EDR len=15 data=007fff800080ff7f00000000000000
[+9.624] [hid] report: addr=b5:5d:e7:98:54:75 transport=BR_EDR len=15 data=007fff800080ff7f00000000000000
[+9.691] [hid] report: addr=b5:5d:e7:98:54:75 transport=BR_EDR len=15 data=007fff800080ff7f00000000000000
[+9.691] [hid] report: addr=b5:5d:e7:98:54:75 transport=BR_EDR len=15 data=007fff800080ff7f00000000000000
[+9.691] [hid] report: addr=b5:5d:e7:98:54:75 transport=BR_EDR len=15 data=007fff800080ff7f00000000000000
[+9.759] [hid] report: addr=b5:5d:e7:98:54:75 transport=BR_EDR len=15 data=007fff800080ff7f00000000030000
[+9.759] [hid] report: addr=b5:5d:e7:98:54:75 transport=BR_EDR len=15 data=007fff800080ff7f00000000030000
[+9.759] [hid] report: addr=b5:5d:e7:98:54:75 transport=BR_EDR len=15 data=007fff800080ff7f00000000030000
[+9.827] [hid] report: addr=b5:5d:e7:98:54:75 transport=BR_EDR len=15 data=007fff800080ff7f00000000030000
[+9.827] [hid] report: addr=b5:5d:e7:98:54:75 transport=BR_EDR len=15 data=007fff800080ff7f00000000030000
[+9.827] [hid] report: addr=b5:5d:e7:98:54:75 transport=BR_EDR len=15 data=007fff800080ff8000000000030000
[+9.894] [hid] report: addr=b5:5d:e7:98:54:75 transport=BR_EDR len=15 data=007fff800080ff8000000000030000
[+9.894] [hid] report: addr=b5:5d:e7:98:54:75 transport=BR_EDR len=15 data=007fff800080ff8000000000030000
[+9.894] [hid] report: addr=b5:5d:e7:98:54:75 transport=BR_EDR len=15 data=007fff800080ff8000000000030100
[+9.961] [hid] report: addr=b5:5d:e7:98:54:75 transport=BR_EDR len=15 data=007fff800080ff8000000000030100
[+9.961] [hid] report: addr=b5:5d:e7:98:54:75 transport=BR_EDR len=15 data=007fff800080ff8000000000030100
[+9.961] [hid] report: addr=b5:5d:e7:98:54:75 transport=BR_EDR len=15 data=007fff800080ff8000000000000100
[+10.028] [hid] report: addr=b5:5d:e7:98:54:75 transport=BR_EDR len=15 data=007fff800080ff8000000000000100
[+10.028] [hid] report: addr=b5:5d:e7:98:54:75 transport=BR_EDR len=15 data=007fff800080ff8000000000000100
[+10.028] [hid] report: addr=b5:5d:e7:98:54:75 transport=BR_EDR len=15 data=007fff800080ff8000000000000000
[+10.097] [hid] report: addr=b5:5d:e7:98:54:75 transport=BR_EDR len=15 data=007fff800080ff8000000000000000
[+10.097] [hid] report: addr=b5:5d:e7:98:54:75 transport=BR_EDR len=15 data=007fff800080ff8000000000000000
[+10.097] [hid] report: addr=b5:5d:e7:98:54:75 transport=BR_EDR len=15 data=007fff800080ff8000000000000000
[+10.164] [hid] report: addr=b5:5d:e7:98:54:75 transport=BR_EDR len=15 data=007fff800080ff8000000000000000
[+10.164] [hid] report: addr=b5:5d:e7:98:54:75 transport=BR_EDR len=15 data=007fff800080ff8000000000000000
[+10.164] [hid] report: addr=b5:5d:e7:98:54:75 transport=BR_EDR len=15 data=007fff800080ff8000000000000000
[+10.231] [hid] report: addr=b5:5d:e7:98:54:75 transport=BR_EDR len=15 data=007fff800080ff8000000000000000
[+10.231] [hid] report: addr=b5:5d:e7:98:54:75 transport=BR_EDR len=15 data=007fff800080ff8000000000000000
[+10.231] [hid] report: addr=b5:5d:e7:98:54:75 transport=BR_EDR len=15 data=007fff800080ff8000000000000000
[+10.299] [hid] report: addr=b5:5d:e7:98:54:75 transport=BR_EDR len=15 data=007fff800080ff8000000000010000
[+10.299] [hid] report: addr=b5:5d:e7:98:54:75 transport=BR_EDR len=15 data=007fff800080ff8000000000010000
[+10.299] [hid] report: addr=b5:5d:e7:98:54:75 transport=BR_EDR len=15 data=0080ff7f0080ff8000000000010000
[+10.368] [hid] report: addr=b5:5d:e7:98:54:75 transport=BR_EDR len=15 data=0080ff7f0080ff8000000000010000
[+10.368] [hid] report: addr=b5:5d:e7:98:54:75 transport=BR_EDR len=15 data=0080ff7f0080ff8000000000010000
[+10.368] [hid] report: addr=b5:5d:e7:98:54:75 transport=BR_EDR len=15 data=0080ff7f0080ff8000000000010000
[+10.434] [hid] report: addr=b5:5d:e7:98:54:75 transport=BR_EDR len=15 data=007fff800080ff8000000000010000
[+10.434] [hid] report: addr=b5:5d:e7:98:54:75 transport=BR_EDR len=15 data=007fff800080ff8000000000010000
[+10.434] [hid] report: addr=b5:5d:e7:98:54:75 transport=BR_EDR len=15 data=007fff800080ff8000000000010000
[+10.501] [hid] report: addr=b5:5d:e7:98:54:75 transport=BR_EDR len=15 data=007fff800080ff8000000000000000
[+10.501] [hid] report: addr=b5:5d:e7:98:54:75 transport=BR_EDR len=15 data=007fff800080ff8000000000000000
[+10.501] [hid] report: addr=b5:5d:e7:98:54:75 transport=BR_EDR len=15 data=007fff800080ff8000000000000000
[+10.568] [hid] report: addr=b5:5d:e7:98:54:75 transport=BR_EDR len=15 data=007fff800080ff8000000000000000
[+10.568] [hid] report: addr=b5:5d:e7:98:54:75 transport=BR_EDR len=15 data=007fff800080ff8000000000000000
[+10.568] [hid] report: addr=b5:5d:e7:98:54:75 transport=BR_EDR len=15 data=007fff800080ff8000000000000000
[+10.636] [hid] report: addr=b5:5d:e7:98:54:75 transport=BR_EDR len=15 data=007fff800080ff8000000000000800
[+10.636] [hid] report: addr=b5:5d:e7:98:54:75 transport=BR_EDR len=15 data=007fff800080ff8000000000000800
[+10.636] [hid] report: addr=b5:5d:e7:98:54:75 transport=BR_EDR len=15 data=007fff800080ff8000000000000800
[+10.704] [hid] report: addr=b5:5d:e7:98:54:75 transport=BR_EDR len=15 data=007fff800080ff8000000000000800
[+10.704] [hid] report: addr=b5:5d:e7:98:54:75 transport=BR_EDR len=15 data=007fff800080ff8000000000000800
[+10.704] [hid] report: addr=b5:5d:e7:98:54:75 transport=BR_EDR len=15 data=007fff800080ff8000000000000800
[+10.772] [hid] report: addr=b5:5d:e7:98:54:75 transport=BR_EDR len=15 data=007fff800080ff8000000000000800
[+10.772] [hid] report: addr=b5:5d:e7:98:54:75 transport=BR_EDR len=15 data=007fff800080ff8000000000000800
[+10.772] [hid] report: addr=b5:5d:e7:98:54:75 transport=BR_EDR len=15 data=007fff800080ff8000000000000000
[+10.839] [hid] report: addr=b5:5d:e7:98:54:75 transport=BR_EDR len=15 data=007fff800080ff8000000000000000
[+10.839] [hid] report: addr=b5:5d:e7:98:54:75 transport=BR_EDR len=15 data=007fff800080ff8000000000000000
[+10.839] [hid] report: addr=b5:5d:e7:98:54:75 transport=BR_EDR len=15 data=007fff800080ff8000000000000000
[+10.905] [hid] report: addr=b5:5d:e7:98:54:75 transport=BR_EDR len=15 data=007fff800080ff8000000000000000
[+10.905] [hid] report: addr=b5:5d:e7:98:54:75 transport=BR_EDR len=15 data=007fff800080ff7f00000000000000
[+10.905] [hid] report: addr=b5:5d:e7:98:54:75 transport=BR_EDR len=15 data=007fff800080ff7f00000000000000
[+10.974] [hid] report: addr=b5:5d:e7:98:54:75 transport=BR_EDR len=15 data=007fff800080ff7f00000000070000
[+10.974] [hid] report: addr=b5:5d:e7:98:54:75 transport=BR_EDR len=15 data=007fff800080ff7f00000000070000
[+10.974] [hid] report: addr=b5:5d:e7:98:54:75 transport=BR_EDR len=15 data=007fff800080ff7f00000000070000
[+11.041] [hid] report: addr=b5:5d:e7:98:54:75 transport=BR_EDR len=15 data=007fff800080ff7f00000000070000
[+11.041] [hid] report: addr=b5:5d:e7:98:54:75 transport=BR_EDR len=15 data=007fff800080ff7f00000000070000
[+11.041] [hid] report: addr=b5:5d:e7:98:54:75 transport=BR_EDR len=15 data=007fff800080ff7f00000000070000
[+11.109] [hid] report: addr=b5:5d:e7:98:54:75 transport=BR_EDR len=15 data=007fff800080ff7f00000000000000
[+11.109] [hid] report: addr=b5:5d:e7:98:54:75 transport=BR_EDR len=15 data=007fff800080ff7f00000000000000
[+11.109] [hid] report: addr=b5:5d:e7:98:54:75 transport=BR_EDR len=15 data=007fff800080ff7f00000000000200
[+11.177] [hid] report: addr=b5:5d:e7:98:54:75 transport=BR_EDR len=15 data=007fff800080ff7f00000000000200
[+11.177] [hid] report: addr=b5:5d:e7:98:54:75 transport=BR_EDR len=15 data=007fff800080ff7f00000000000200
[+11.177] [hid] report: addr=b5:5d:e7:98:54:75 transport=BR_EDR len=15 data=007fff800080ff7f00000000000200
[+11.243] [hid] report: addr=b5:5d:e7:98:54:75 transport=BR_EDR len=15 data=007fff800080ff7f00000000000200
[+11.243] [hid] report: addr=b5:5d:e7:98:54:75 transport=BR_EDR len=15 data=007fff800080ff7f00000000000200
[+11.243] [hid] report: addr=b5:5d:e7:98:54:75 transport=BR_EDR len=15 data=007fff800080ff7f00000000000200
[+11.243] [hid] report: addr=b5:5d:e7:98:54:75 transport=BR_EDR len=15 data=007fff800080ff7f00000000000000
[+11.311] [hid] report: addr=b5:5d:e7:98:54:75 transport=BR_EDR len=15 data=007fff800080ff7f00000000000000
[+11.311] [hid] report: addr=b5:5d:e7:98:54:75 transport=BR_EDR len=15 data=007fff800080ff7f00000000000000
[+11.311] [hid] report: addr=b5:5d:e7:98:54:75 transport=BR_EDR len=15 data=007fff800080ff7f00000000000000
[+11.379] [hid] report: addr=b5:5d:e7:98:54:75 transport=BR_EDR len=15 data=007fff800080ff7f00000000000000
[+11.379] [hid] report: addr=b5:5d:e7:98:54:75 transport=BR_EDR len=15 data=007fff800080ff7f00000000000000
[+11.379] [hid] report: addr=b5:5d:e7:98:54:75 transport=BR_EDR len=15 data=007fff800080ff7f00000000000000
[+11.446] [hid] report: addr=b5:5d:e7:98:54:75 transport=BR_EDR len=15 data=007fff800080ff7f00000000050000
[+11.447] [hid] report: addr=b5:5d:e7:98:54:75 transport=BR_EDR len=15 data=007fff800080ff7f00000000050000
[+11.447] [hid] report: addr=b5:5d:e7:98:54:75 transport=BR_EDR len=15 data=007fff800080ff7f00000000050000
[+11.514] [hid] report: addr=b5:5d:e7:98:54:75 transport=BR_EDR len=15 data=007fff800080ff7f00000000050000
[+11.514] [hid] report: addr=b5:5d:e7:98:54:75 transport=BR_EDR len=15 data=007fff800080ff7f00000000050000
[+11.514] [hid] report: addr=b5:5d:e7:98:54:75 transport=BR_EDR len=15 data=007fff800080ff7f00000000050000
[+11.586] BLE: 60:b0:2b:89:dd:ed, RSSI: -69, UUID: 0x0000, APPEARANCE: 0x0000, ADDR_TYPE: 'PUBLIC', NAME: 'U-ACGDDEC'
[+11.586] BLE: 60:b0:2b:ef:a3:33, RSSI: -64, UUID: 0x0000, APPEARANCE: 0x0000, ADDR_TYPE: 'PUBLIC', NAME: 'U-ACGA332'
[+11.586] [hid] report: addr=b5:5d:e7:98:54:75 transport=BR_EDR len=15 data=007fff800080ff7f00000000050000
[+11.586] [hid] report: addr=b5:5d:e7:98:54:75 transport=BR_EDR len=15 data=007fff800080ff7f00000000050000
[+11.682] [hid] report: addr=b5:5d:e7:98:54:75 transport=BR_EDR len=15 data=007fff800080ff8000000000000000
[+11.682] [hid] report: addr=b5:5d:e7:98:54:75 transport=BR_EDR len=15 data=007fff800080ff8000000000000000
[+11.682] [hid] report: addr=b5:5d:e7:98:54:75 transport=BR_EDR len=15 data=007fff800080ff8000000000000000
[+11.733] [hid] report: addr=b5:5d:e7:98:54:75 transport=BR_EDR len=15 data=007fff800080ff8000000000000100
[+11.786] [hid] report: addr=b5:5d:e7:98:54:75 transport=BR_EDR len=15 data=007fff800080ff8000000000000100
[+11.786] BLE: 60:b0:2b:89:dd:ed, RSSI: -67, UUID: 0x0000, APPEARANCE: 0x0000, ADDR_TYPE: 'PUBLIC'
[+11.786] [hid] report: addr=b5:5d:e7:98:54:75 transport=BR_EDR len=15 data=007fff800080ff8000000000000100
[+11.786] [hid] report: addr=b5:5d:e7:98:54:75 transport=BR_EDR len=15 data=007fff800080ff8000000000000100
[+11.886] [hid] report: addr=b5:5d:e7:98:54:75 transport=BR_EDR len=15 data=007fff800080ff8000000000000100
[+11.886] [hid] report: addr=b5:5d:e7:98:54:75 transport=BR_EDR len=15 data=007fff800080ff8000000000000100
[+11.886] [hid] report: addr=b5:5d:e7:98:54:75 transport=BR_EDR len=15 data=007fff800080ff8000000000000000
[+11.986] [hid] report: addr=b5:5d:e7:98:54:75 transport=BR_EDR len=15 data=007fff800080ff8000000000000000
[+11.986] [hid] report: addr=b5:5d:e7:98:54:75 transport=BR_EDR len=15 data=007fff800080ff8000000000000000
[+12.037] [hid] report: addr=b5:5d:e7:98:54:75 transport=BR_EDR len=15 data=007fff800080ff8000000000000000
[+12.037] BLE: 52:c1:31:f5:39:05, RSSI: -64, UUID: 0xfdaa, APPEARANCE: 0x0000, ADDR_TYPE: 'RANDOM'
[+12.090] [hid] report: addr=b5:5d:e7:98:54:75 transport=BR_EDR len=15 data=007fff800080ff8000000000000000
[+12.090] [hid] report: addr=b5:5d:e7:98:54:75 transport=BR_EDR len=15 data=007fff800080ff8000000000030000
[+12.090] [hid] report: addr=b5:5d:e7:98:54:75 transport=BR_EDR len=15 data=007fff800080ff8000000000030000
[+12.188] [hid] report: addr=b5:5d:e7:98:54:75 transport=BR_EDR len=15 data=007fff800080ff8000000000030000
[+12.188] [hid] report: addr=b5:5d:e7:98:54:75 transport=BR_EDR len=15 data=007fff800080ff8000000000030000
[+12.239] [hid] report: addr=b5:5d:e7:98:54:75 transport=BR_EDR len=15 data=007fff800080ff8000000000030000
[+12.290] [hid] report: addr=b5:5d:e7:98:54:75 transport=BR_EDR len=15 data=007fff800080ff8000000000000000
[+12.290] [hid] report: addr=b5:5d:e7:98:54:75 transport=BR_EDR len=15 data=007fff800080ff8000000000000000
[+12.341] [hid] report: addr=b5:5d:e7:98:54:75 transport=BR_EDR len=15 data=007fff800080ff8000000000000000
[+12.391] [hid] report: addr=b5:5d:e7:98:54:75 transport=BR_EDR len=15 data=007fff800080ff8000000000000200
[+12.391] [hid] report: addr=b5:5d:e7:98:54:75 transport=BR_EDR len=15 data=007fff800080ff8000000000000200
[+12.442] [hid] report: addr=b5:5d:e7:98:54:75 transport=BR_EDR len=15 data=007fff800080ff8000000000000200
[+12.494] [hid] report: addr=b5:5d:e7:98:54:75 transport=BR_EDR len=15 data=007fff800080ff8000000000000200
[+12.494] [hid] report: addr=b5:5d:e7:98:54:75 transport=BR_EDR len=15 data=007fff800080ff8000000000000000
[+12.494] [hid] report: addr=b5:5d:e7:98:54:75 transport=BR_EDR len=15 data=007fff800080ff8000000000000000
[+12.561] [hid] report: addr=b5:5d:e7:98:54:75 transport=BR_EDR len=15 data=007fff800080ff8000000000000000
[+12.561] [hid] report: addr=b5:5d:e7:98:54:75 transport=BR_EDR len=15 data=007fff800080ff8000000000000000
[+12.627] [hid] report: addr=b5:5d:e7:98:54:75 transport=BR_EDR len=15 data=007fff800080ff8000000000000000
[+12.627] [hid] report: addr=b5:5d:e7:98:54:75 transport=BR_EDR len=15 data=007fff800080ff8000000000000000
[+12.678] [hid] report: addr=b5:5d:e7:98:54:75 transport=BR_EDR len=15 data=007fff800080ff8000000000000000
[+12.731] [hid] report: addr=b5:5d:e7:98:54:75 transport=BR_EDR len=15 data=007fff800080ff8000000000070000
[+12.731] [hid] report: addr=b5:5d:e7:98:54:75 transport=BR_EDR len=15 data=007fff800080ff8000000000070000
[+12.731] [hid] report: addr=b5:5d:e7:98:54:75 transport=BR_EDR len=15 data=007fff800080ff8000000000070000
[+12.829] [hid] report: addr=b5:5d:e7:98:54:75 transport=BR_EDR len=15 data=007fff800080ff8000000000070000
[+12.829] [hid] report: addr=b5:5d:e7:98:54:75 transport=BR_EDR len=15 data=007fff800080ff8000000000000000
[+12.829] [hid] report: addr=b5:5d:e7:98:54:75 transport=BR_EDR len=15 data=007fff800080ff8000000000000000
[+12.931] [hid] report: addr=b5:5d:e7:98:54:75 transport=BR_EDR len=15 data=007fff800080ff8000000000000000
[+12.931] [hid] report: addr=b5:5d:e7:98:54:75 transport=BR_EDR len=15 data=007fff800080ff8000000000000000
[+12.931] [hid] report: addr=b5:5d:e7:98:54:75 transport=BR_EDR len=15 data=007fff800080ff8000000000000000
[+13.033] [hid] report: addr=b5:5d:e7:98:54:75 transport=BR_EDR len=15 data=007fff800080ff8000000000000000
[+13.033] [hid] report: addr=b5:5d:e7:98:54:75 transport=BR_EDR len=15 data=007fff800080ff8000000000000400
[+13.033] [hid] report: addr=b5:5d:e7:98:54:75 transport=BR_EDR len=15 data=007fff800080ff8000000000000400
[+13.134] [hid] report: addr=b5:5d:e7:98:54:75 transport=BR_EDR len=15 data=007fff800080ff8000000000000400
[+13.134] [hid] report: addr=b5:5d:e7:98:54:75 transport=BR_EDR len=15 data=007fff800080ff8000000000000400
[+13.134] [hid] report: addr=b5:5d:e7:98:54:75 transport=BR_EDR len=15 data=007fff800080ff8000000000000400
[+13.236] [hid] report: addr=b5:5d:e7:98:54:75 transport=BR_EDR len=15 data=007fff800080ff8000000000000000
[+13.236] [hid] report: addr=b5:5d:e7:98:54:75 transport=BR_EDR len=15 data=007fff800080ff7f00000000000000
[+13.236] [hid] report: addr=b5:5d:e7:98:54:75 transport=BR_EDR len=15 data=007fff800080ff7f00000000000000
[+13.236] [hid] report: addr=b5:5d:e7:98:54:75 transport=BR_EDR len=15 data=007fff800080ff7f00000000000000
[+13.336] [hid] report: addr=b5:5d:e7:98:54:75 transport=BR_EDR len=15 data=007fff800080ff7f00000000000000
[+13.336] [hid] report: addr=b5:5d:e7:98:54:75 transport=BR_EDR len=15 data=007fff800080ff7f00000000010000
[+13.336] [hid] report: addr=b5:5d:e7:98:54:75 transport=BR_EDR len=15 data=007fff800080ff7f00000000010000
[+13.437] [hid] report: addr=b5:5d:e7:98:54:75 transport=BR_EDR len=15 data=007fff800080ff8000000000010000
[+13.437] [hid] report: addr=b5:5d:e7:98:54:75 transport=BR_EDR len=15 data=007fff800080ff8000000000010000
[+13.488] [hid] report: addr=b5:5d:e7:98:54:75 transport=BR_EDR len=15 data=007fff800080ff8000000000010000
[+13.541] [hid] report: addr=b5:5d:e7:98:54:75 transport=BR_EDR len=15 data=007fff800080ff8000000000010000
[+13.541] [hid] report: addr=b5:5d:e7:98:54:75 transport=BR_EDR len=15 data=007fff800080ff8000000000000000
[+13.541] [hid] report: addr=b5:5d:e7:98:54:75 transport=BR_EDR len=15 data=007fff800080ff8000000000000000
[+13.640] [hid] report: addr=b5:5d:e7:98:54:75 transport=BR_EDR len=15 data=007fff800080ff8000000000000800
[+13.640] [hid] report: addr=b5:5d:e7:98:54:75 transport=BR_EDR len=15 data=007fff800080ff8000000000000800
[+13.691] [hid] report: addr=b5:5d:e7:98:54:75 transport=BR_EDR len=15 data=007fff800080ff8000000000000800
[+13.744] [hid] report: addr=b5:5d:e7:98:54:75 transport=BR_EDR len=15 data=007fff800080ff8000000000000000
[+13.744] [hid] report: addr=b5:5d:e7:98:54:75 transport=BR_EDR len=15 data=007fff800080ff8000000000000000
[+13.744] [hid] report: addr=b5:5d:e7:98:54:75 transport=BR_EDR len=15 data=007fff800080ff8000000000000000
[+13.842] [hid] report: addr=b5:5d:e7:98:54:75 transport=BR_EDR len=15 data=007fff800080ff8000000000000000
[+13.842] [hid] report: addr=b5:5d:e7:98:54:75 transport=BR_EDR len=15 data=007fff800080ff8000000000000000
[+13.842] [hid] report: addr=b5:5d:e7:98:54:75 transport=BR_EDR len=15 data=007fff800080ff8000000000000000
[+13.893] [hid] report: addr=b5:5d:e7:98:54:75 transport=BR_EDR len=15 data=007fff800080ff8000000000000200
[+13.893] [hid] report: addr=b5:5d:e7:98:54:75 transport=BR_EDR len=15 data=007fff800080ff8000000000000200
[+13.978] [hid] report: addr=b5:5d:e7:98:54:75 transport=BR_EDR len=15 data=007fff800080ff8000000000000200
[+13.978] [hid] report: addr=b5:5d:e7:98:54:75 transport=BR_EDR len=15 data=007fff800080ff8000000000000200
[+13.978] [hid] report: addr=b5:5d:e7:98:54:75 transport=BR_EDR len=15 data=007fff800080ff8000000000000200
[+14.079] [hid] report: addr=b5:5d:e7:98:54:75 transport=BR_EDR len=15 data=007fff800080ff7f00000000000000
[+14.079] [hid] report: addr=b5:5d:e7:98:54:75 transport=BR_EDR len=15 data=007fff800080ff7f00000000000000
[+14.079] [hid] report: addr=b5:5d:e7:98:54:75 transport=BR_EDR len=15 data=007fff800080ff7f00000000000000
[+14.180] [hid] report: addr=b5:5d:e7:98:54:75 transport=BR_EDR len=15 data=007fff800080ff7f00000000000000
[+14.180] [hid] report: addr=b5:5d:e7:98:54:75 transport=BR_EDR len=15 data=007fff800080ff7f00000000000000
[+14.180] [hid] report: addr=b5:5d:e7:98:54:75 transport=BR_EDR len=15 data=007fff800080ff7f00000000000000
[+14.281] [hid] report: addr=b5:5d:e7:98:54:75 transport=BR_EDR len=15 data=007fff800080ff7f00000000000100
[+14.281] [hid] report: addr=b5:5d:e7:98:54:75 transport=BR_EDR len=15 data=007fff800080ff7f00000000000100
[+14.281] [hid] report: addr=b5:5d:e7:98:54:75 transport=BR_EDR len=15 data=007fff800080ff7f00000000000100
[+14.383] [hid] report: addr=b5:5d:e7:98:54:75 transport=BR_EDR len=15 data=007fff800080ff7f00000000000100
[+14.383] [hid] report: addr=b5:5d:e7:98:54:75 transport=BR_EDR len=15 data=007fff800080ff7f00000000000100
[+14.383] [hid] report: addr=b5:5d:e7:98:54:75 transport=BR_EDR len=15 data=007fff800080ff7f00000000000000
[+14.484] [hid] report: addr=b5:5d:e7:98:54:75 transport=BR_EDR len=15 data=007fff800080ff7f00000000000000
[+14.484] [hid] report: addr=b5:5d:e7:98:54:75 transport=BR_EDR len=15 data=007fff800080ff7f00000000000000
[+14.484] [hid] report: addr=b5:5d:e7:98:54:75 transport=BR_EDR len=15 data=007fff800080ff7f00000000000000
[+14.584] [hid] report: addr=b5:5d:e7:98:54:75 transport=BR_EDR len=15 data=007fff800080ff7f00000000000000
[+14.584] [hid] report: addr=b5:5d:e7:98:54:75 transport=BR_EDR len=15 data=007fff800080ff7f00000000000000
[+14.584] [hid] report: addr=b5:5d:e7:98:54:75 transport=BR_EDR len=15 data=007fff800080ff7f00000000030000
[+14.584] [hid] report: addr=b5:5d:e7:98:54:75 transport=BR_EDR len=15 data=007fff800080ff7f00000000030000
[+14.686] [hid] report: addr=b5:5d:e7:98:54:75 transport=BR_EDR len=15 data=007fff800080ff7f00000000030000
[+14.686] [hid] report: addr=b5:5d:e7:98:54:75 transport=BR_EDR len=15 data=007fff800080ff7f00000000030000
[+14.737] [hid] report: addr=b5:5d:e7:98:54:75 transport=BR_EDR len=15 data=007fff800080ff7f00000000030000
[+14.790] [hid] report: addr=b5:5d:e7:98:54:75 transport=BR_EDR len=15 data=007fff800080ff7f00000000000000
[+14.790] [hid] report: addr=b5:5d:e7:98:54:75 transport=BR_EDR len=15 data=007fff800080ff7f00000000000000
[+14.790] [hid] report: addr=b5:5d:e7:98:54:75 transport=BR_EDR len=15 data=007fff800080ff7f00000000000000
[+14.888] [hid] report: addr=b5:5d:e7:98:54:75 transport=BR_EDR len=15 data=007fff800080ff7f00000000000000
[+14.888] [hid] report: addr=b5:5d:e7:98:54:75 transport=BR_EDR len=15 data=007fff800080ff7f00000000000000
[+14.940] [hid] report: addr=b5:5d:e7:98:54:75 transport=BR_EDR len=15 data=007fff800080ff7f00000000000000
[+14.992] [hid] report: addr=b5:5d:e7:98:54:75 transport=BR_EDR len=15 data=007fff800080ff7f00000000010000
[+14.992] [hid] report: addr=b5:5d:e7:98:54:75 transport=BR_EDR len=15 data=007fff800080ff7f00000000010000
[+14.992] [hid] report: addr=b5:5d:e7:98:54:75 transport=BR_EDR len=15 data=007fff800080ff7f00000000010000
[+15.092] [hid] report: addr=b5:5d:e7:98:54:75 transport=BR_EDR len=15 data=007fff7f0080ff7f00000000010000
[+15.092] [hid] report: addr=b5:5d:e7:98:54:75 transport=BR_EDR len=15 data=007fff7f0080ff7f00000000010000
[+15.092] [hid] report: addr=b5:5d:e7:98:54:75 transport=BR_EDR len=15 data=007fff7f0080ff7f00000000010000
[+15.192] [hid] report: addr=b5:5d:e7:98:54:75 transport=BR_EDR len=15 data=007fff7f0080ff7f00000000000200
[+15.192] [hid] report: addr=b5:5d:e7:98:54:75 transport=BR_EDR len=15 data=007fff7f0080ff7f00000000000200
[+15.192] [hid] report: addr=b5:5d:e7:98:54:75 transport=BR_EDR len=15 data=007fff7f0080ff7f00000000000200
[+15.261] [hid] report: addr=b5:5d:e7:98:54:75 transport=BR_EDR len=15 data=007fff7f0080ff7f00000000000200
[+15.261] [hid] report: addr=b5:5d:e7:98:54:75 transport=BR_EDR len=15 data=007fff7f0080ff7f00000000000200
[+15.327] [hid] report: addr=b5:5d:e7:98:54:75 transport=BR_EDR len=15 data=007fff7f0080ff7f00000000000000
[+15.327] [hid] report: addr=b5:5d:e7:98:54:75 transport=BR_EDR len=15 data=007fff7f0080ff7f00000000000000
[+15.378] [hid] report: addr=b5:5d:e7:98:54:75 transport=BR_EDR len=15 data=007fff7f0080ff7f00000000000000
[+15.431] [hid] report: addr=b5:5d:e7:98:54:75 transport=BR_EDR len=15 data=007fff7f0080ff7f00000000000000
[+15.431] [hid] report: addr=b5:5d:e7:98:54:75 transport=BR_EDR len=15 data=007fff7f0080ff7f00000000000000
[+15.431] [hid] report: addr=b5:5d:e7:98:54:75 transport=BR_EDR len=15 data=007fff7f0080ff7f00000000000000
[+15.530] [hid] report: addr=b5:5d:e7:98:54:75 transport=BR_EDR len=15 data=007fff7f0080ff7f00000000000000
[+15.530] [hid] report: addr=b5:5d:e7:98:54:75 transport=BR_EDR len=15 data=007fff7f0080ff7f00000000070000
[+15.580] [hid] report: addr=b5:5d:e7:98:54:75 transport=BR_EDR len=15 data=007fff7f0080ff7f00000000070000
[+15.632] [hid] report: addr=b5:5d:e7:98:54:75 transport=BR_EDR len=15 data=007fff7f0080ff7f00000000070000
[+15.632] [hid] report: addr=b5:5d:e7:98:54:75 transport=BR_EDR len=15 data=007fff7f0080ff7f00000000070000
[+15.632] [hid] report: addr=b5:5d:e7:98:54:75 transport=BR_EDR len=15 data=007fff7f0080ff7f00000000070000
[+15.733] [hid] report: addr=b5:5d:e7:98:54:75 transport=BR_EDR len=15 data=007fff7f0080ff7f00000000000000
[+15.733] [hid] report: addr=b5:5d:e7:98:54:75 transport=BR_EDR len=15 data=007fff7f0080ff7f00000000000000
[+15.733] [hid] report: addr=b5:5d:e7:98:54:75 transport=BR_EDR len=15 data=007fff7f0080ff7f00000000000000
[+15.835] [hid] report: addr=b5:5d:e7:98:54:75 transport=BR_EDR len=15 data=007fff7f0080ff7f00000000000100
[+15.835] [hid] report: addr=b5:5d:e7:98:54:75 transport=BR_EDR len=15 data=007fff7f0080ff7f00000000000100
[+15.835] [hid] report: addr=b5:5d:e7:98:54:75 transport=BR_EDR len=15 data=007fff7f0080ff7f00000000000100
[+15.936] [hid] report: addr=b5:5d:e7:98:54:75 transport=BR_EDR len=15 data=007fff7f0080ff7f00000000000100
[+15.936] [hid] report: addr=b5:5d:e7:98:54:75 transport=BR_EDR len=15 data=007fff7f0080ff7f00000000000100
[+15.936] [hid] report: addr=b5:5d:e7:98:54:75 transport=BR_EDR len=15 data=007fff7f0080ff7f00000000000000
[+15.936] [hid] report: addr=b5:5d:e7:98:54:75 transport=BR_EDR len=15 data=007fff7f0080ff7f00000000000000
[+16.036] [hid] report: addr=b5:5d:e7:98:54:75 transport=BR_EDR len=15 data=007fff7f0080ff7f00000000000000
[+16.036] [hid] report: addr=b5:5d:e7:98:54:75 transport=BR_EDR len=15 data=007fff7f0080ff7f00000000000000
[+16.087] [hid] report: addr=b5:5d:e7:98:54:75 transport=BR_EDR len=15 data=007fff7f0080ff7f00000000000000
[+16.137] [hid] report: addr=b5:5d:e7:98:54:75 transport=BR_EDR len=15 data=007fff7f0080ff7f00000000050000
[+16.137] [hid] report: addr=b5:5d:e7:98:54:75 transport=BR_EDR len=15 data=007fff7f0080ff7f00000000050000
[+16.188] [hid] report: addr=b5:5d:e7:98:54:75 transport=BR_EDR len=15 data=007fff7f0080ff7f00000000050000
[+16.238] [hid] report: addr=b5:5d:e7:98:54:75 transport=BR_EDR len=15 data=007fff7f0080ff7f00000000050000
[+16.238] [hid] report: addr=b5:5d:e7:98:54:75 transport=BR_EDR len=15 data=007fff7f0080ff7f00000000050000
[+16.290] [hid] report: addr=b5:5d:e7:98:54:75 transport=BR_EDR len=15 data=007fff7f0080ff7f00000000050000
[+16.340] [hid] report: addr=b5:5d:e7:98:54:75 transport=BR_EDR len=15 data=007fff7f0080ff7f00000000000000
[+16.340] [hid] report: addr=b5:5d:e7:98:54:75 transport=BR_EDR len=15 data=007fff7f0080ff7f00000000000000
[+16.391] [hid] report: addr=b5:5d:e7:98:54:75 transport=BR_EDR len=15 data=007fff7f0080ff7f00000000000000
[+16.441] [hid] report: addr=b5:5d:e7:98:54:75 transport=BR_EDR len=15 data=007fff7f0080ff7f00000000000200
[+16.441] [hid] report: addr=b5:5d:e7:98:54:75 transport=BR_EDR len=15 data=007fff7f0080ff7f00000000000200
[+16.492] [hid] report: addr=b5:5d:e7:98:54:75 transport=BR_EDR len=15 data=007fff7f0080ff7f00000000000200
[+16.543] [hid] report: addr=b5:5d:e7:98:54:75 transport=BR_EDR len=15 data=007fff7f0080ff7f00000000000200
[+16.543] [hid] report: addr=b5:5d:e7:98:54:75 transport=BR_EDR len=15 data=007fff7f0080ff7f00000000000000
[+16.543] [hid] report: addr=b5:5d:e7:98:54:75 transport=BR_EDR len=15 data=007fff7f0080ff7f00000000000000
[+16.610] [hid] report: addr=b5:5d:e7:98:54:75 transport=BR_EDR len=15 data=007fff7f0080ff7f00000000000000
[+16.610] [hid] report: addr=b5:5d:e7:98:54:75 transport=BR_EDR len=15 data=007fff7f0080ff7f00000000000000
[+16.610] [hid] report: addr=b5:5d:e7:98:54:75 transport=BR_EDR len=15 data=007fff7f0080ff7f00000000000000
[+16.678] [hid] report: addr=b5:5d:e7:98:54:75 transport=BR_EDR len=15 data=007fff7f0080ff7f00000000000000
[+16.678] [hid] report: addr=b5:5d:e7:98:54:75 transport=BR_EDR len=15 data=007fff7f0080ff7f00000000000000
[+16.678] [hid] report: addr=b5:5d:e7:98:54:75 transport=BR_EDR len=15 data=007fff7f0080ff7f00000000000000
[+16.744] [hid] report: addr=b5:5d:e7:98:54:75 transport=BR_EDR len=15 data=007fff7f0080ff7f00000000000000
[+16.744] [hid] report: addr=b5:5d:e7:98:54:75 transport=BR_EDR len=15 data=007fff7f0080ff7f00000000000000
[+16.744] [hid] report: addr=b5:5d:e7:98:54:75 transport=BR_EDR len=15 data=007fff7f0080ff7f00000000030000
[+16.795] [hid] report: addr=b5:5d:e7:98:54:75 transport=BR_EDR len=15 data=007fff7f0080ff7f00000000030000
[+16.795] [hid] report: addr=b5:5d:e7:98:54:75 transport=BR_EDR len=15 data=007fff7f0080ff7f00000000030000
[+16.846] [hid] report: addr=b5:5d:e7:98:54:75 transport=BR_EDR len=15 data=007fff7f0080ff7f00000000030000
[+16.846] [hid] report: addr=b5:5d:e7:98:54:75 transport=BR_EDR len=15 data=007fff7f0080ff7f00000000030000
[+16.846] [hid] report: addr=b5:5d:e7:98:54:75 transport=BR_EDR len=15 data=007fff7f0080ff7f00000000030000
[+16.914] [hid] report: addr=b5:5d:e7:98:54:75 transport=BR_EDR len=15 data=007fff7f0080ff7f00000000030000
[+16.914] [hid] report: addr=b5:5d:e7:98:54:75 transport=BR_EDR len=15 data=007fff7f0080ff7f00000000030000
[+16.914] [hid] report: addr=b5:5d:e7:98:54:75 transport=BR_EDR len=15 data=007fff7f0080ff7f00000000030000
[+16.981] [hid] report: addr=b5:5d:e7:98:54:75 transport=BR_EDR len=15 data=007fff7f0080ff7f00000000030000
[+16.981] [hid] report: addr=b5:5d:e7:98:54:75 transport=BR_EDR len=15 data=007fff7f0080ff7f00000000030000
[+16.981] [hid] report: addr=b5:5d:e7:98:54:75 transport=BR_EDR len=15 data=007fff7f0080ff7f00000000000000
[+17.048] [hid] report: addr=b5:5d:e7:98:54:75 transport=BR_EDR len=15 data=007fff7f0080ff7f00000000000000
[+17.048] [hid] report: addr=b5:5d:e7:98:54:75 transport=BR_EDR len=15 data=007fff7f0080ff7f00000000000000
[+17.048] [hid] report: addr=b5:5d:e7:98:54:75 transport=BR_EDR len=15 data=007fff7f0080ff7f00000000000000
[+17.116] [hid] report: addr=b5:5d:e7:98:54:75 transport=BR_EDR len=15 data=007fff7f0080ff7f00000000000100
[+17.116] [hid] report: addr=b5:5d:e7:98:54:75 transport=BR_EDR len=15 data=007fff7f0080ff7f00000000000100
[+17.116] [hid] report: addr=b5:5d:e7:98:54:75 transport=BR_EDR len=15 data=007fff7f0080ff7f00000000000100
[+17.184] [hid] report: addr=b5:5d:e7:98:54:75 transport=BR_EDR len=15 data=007fff7f0080ff7f00000000000100
[+17.184] [hid] report: addr=b5:5d:e7:98:54:75 transport=BR_EDR len=15 data=007fff7f0080ff7f00000000000100
[+17.184] [hid] report: addr=b5:5d:e7:98:54:75 transport=BR_EDR len=15 data=007fff7f0080ff7f00000000000100
[+17.251] [hid] report: addr=b5:5d:e7:98:54:75 transport=BR_EDR len=15 data=007fff7f0080ff7f00000000000100
[+17.251] [hid] report: addr=b5:5d:e7:98:54:75 transport=BR_EDR len=15 data=007fff7f0080ff7f00000000000100
[+17.251] [hid] report: addr=b5:5d:e7:98:54:75 transport=BR_EDR len=15 data=007fff7f0080ff7f00000000000000
[+17.319] [hid] report: addr=b5:5d:e7:98:54:75 transport=BR_EDR len=15 data=007fff7f0080ff7f00000000000000
[+17.319] [hid] report: addr=b5:5d:e7:98:54:75 transport=BR_EDR len=15 data=007fff7f0080ff7f00000000000000
[+17.319] [hid] report: addr=b5:5d:e7:98:54:75 transport=BR_EDR len=15 data=007fff7f0080ff7f00000000000000
[+17.386] [hid] report: addr=b5:5d:e7:98:54:75 transport=BR_EDR len=15 data=007fff7f0080ff7f00000000000000
[+17.386] [hid] report: addr=b5:5d:e7:98:54:75 transport=BR_EDR len=15 data=007fff7f0080ff7f00000000000000
[+17.386] [hid] report: addr=b5:5d:e7:98:54:75 transport=BR_EDR len=15 data=007fff7f0080ff7f00000000000000
[+17.454] [hid] report: addr=b5:5d:e7:98:54:75 transport=BR_EDR len=15 data=007fff7f0080ff7f00000000000000
[+17.454] [hid] report: addr=b5:5d:e7:98:54:75 transport=BR_EDR len=15 data=0080ff7f0080ff7f00000000000000
[+17.454] [hid] report: addr=b5:5d:e7:98:54:75 transport=BR_EDR len=15 data=0080ff800080ff7f00000000010000
[+17.520] [hid] report: addr=b5:5d:e7:98:54:75 transport=BR_EDR len=15 data=0080ff7f0080ff7f00000000010000
[+17.520] [hid] report: addr=b5:5d:e7:98:54:75 transport=BR_EDR len=15 data=0080ff7f0080ff7f00000000010000
[+17.520] [hid] report: addr=b5:5d:e7:98:54:75 transport=BR_EDR len=15 data=0080ff7f0080ff7f00000000010000
[+17.589] [hid] report: addr=b5:5d:e7:98:54:75 transport=BR_EDR len=15 data=0080ff7f0080ff7f00000000010000
[+17.589] [hid] report: addr=b5:5d:e7:98:54:75 transport=BR_EDR len=15 data=0080ff7f0080ff7f00000000010000
[+17.589] [hid] report: addr=b5:5d:e7:98:54:75 transport=BR_EDR len=15 data=0080ff7f0080ff7f00000000010000
[+17.656] [hid] report: addr=b5:5d:e7:98:54:75 transport=BR_EDR len=15 data=0080ff7f0080ff7f00000000010000
[+17.656] [hid] report: addr=b5:5d:e7:98:54:75 transport=BR_EDR len=15 data=0080ff7f0080ff7f00000000010000
[+17.656] [hid] report: addr=b5:5d:e7:98:54:75 transport=BR_EDR len=15 data=0080ff7f0080ff7f00000000000000
[+17.724] [hid] report: addr=b5:5d:e7:98:54:75 transport=BR_EDR len=15 data=0080ff7f0080ff7f00000000000000
[+17.724] [hid] report: addr=b5:5d:e7:98:54:75 transport=BR_EDR len=15 data=0080ff7f0080ff7f00000000000000
[+17.724] [hid] report: addr=b5:5d:e7:98:54:75 transport=BR_EDR len=15 data=0080ff7f0080ff7f00000000000000
[+17.791] [hid] report: addr=b5:5d:e7:98:54:75 transport=BR_EDR len=15 data=0080ff7f0080ff7f00000000000000
[+17.791] [hid] report: addr=b5:5d:e7:98:54:75 transport=BR_EDR len=15 data=0080ff7f0080ff7f00000000000200
[+17.791] [hid] report: addr=b5:5d:e7:98:54:75 transport=BR_EDR len=15 data=0080ff7f0080ff7f00000000000200
[+17.859] [hid] report: addr=b5:5d:e7:98:54:75 transport=BR_EDR len=15 data=0080ff800080ff7f00000000000200
[+17.859] [hid] report: addr=b5:5d:e7:98:54:75 transport=BR_EDR len=15 data=0080ff800080ff7f00000000000200
[+17.859] [hid] report: addr=b5:5d:e7:98:54:75 transport=BR_EDR len=15 data=0080ff800080ff7f00000000000200
[+17.926] [hid] report: addr=b5:5d:e7:98:54:75 transport=BR_EDR len=15 data=0080ff800080ff7f00000000000200
[+17.926] [hid] report: addr=b5:5d:e7:98:54:75 transport=BR_EDR len=15 data=0080ff800080ff7f00000000000200
[+17.926] [hid] report: addr=b5:5d:e7:98:54:75 transport=BR_EDR len=15 data=0080ff800080ff7f00000000000000
[+17.994] [hid] report: addr=b5:5d:e7:98:54:75 transport=BR_EDR len=15 data=0080ff800080ff7f00000000000000
[+17.994] [hid] report: addr=b5:5d:e7:98:54:75 transport=BR_EDR len=15 data=0080ff800080ff7f00000000000000
[+17.994] [hid] report: addr=b5:5d:e7:98:54:75 transport=BR_EDR len=15 data=0080ff800080ff7f00000000000000
[+18.061] [hid] report: addr=b5:5d:e7:98:54:75 transport=BR_EDR len=15 data=0080ff800080ff7f00000000000000
[+18.061] [hid] report: addr=b5:5d:e7:98:54:75 transport=BR_EDR len=15 data=0080ff800080ff7f00000000000000
[+18.061] [hid] report: addr=b5:5d:e7:98:54:75 transport=BR_EDR len=15 data=0080ff800080ff7f00000000000000
[+18.129] [hid] report: addr=b5:5d:e7:98:54:75 transport=BR_EDR len=15 data=0080ff800080ff7f00000000070000
[+18.129] [hid] report: addr=b5:5d:e7:98:54:75 transport=BR_EDR len=15 data=0080ff800080ff7f00000000070000
[+18.129] [hid] report: addr=b5:5d:e7:98:54:75 transport=BR_EDR len=15 data=0080ff800080ff7f00000000070000
[+18.196] [hid] report: addr=b5:5d:e7:98:54:75 transport=BR_EDR len=15 data=0080ff800080ff7f00000000070000
[+18.196] [hid] report: addr=b5:5d:e7:98:54:75 transport=BR_EDR len=15 data=0080ff800080ff7f00000000070000
[+18.196] [hid] report: addr=b5:5d:e7:98:54:75 transport=BR_EDR len=15 data=0080ff800080ff7f00000000070000
[+18.264] [hid] report: addr=b5:5d:e7:98:54:75 transport=BR_EDR len=15 data=0080ff800080ff7f00000000070000
[+18.264] [hid] report: addr=b5:5d:e7:98:54:75 transport=BR_EDR len=15 data=0080ff800080ff7f00000000000000
[+18.264] [hid] report: addr=b5:5d:e7:98:54:75 transport=BR_EDR len=15 data=0080ff800080ff7f00000000000000
[+18.331] [hid] report: addr=b5:5d:e7:98:54:75 transport=BR_EDR len=15 data=0080ff800080ff7f00000000000000
[+18.331] [hid] report: addr=b5:5d:e7:98:54:75 transport=BR_EDR len=15 data=0080ff800080ff7f00000000000000
[+18.331] [hid] report: addr=b5:5d:e7:98:54:75 transport=BR_EDR len=15 data=0080ff800080ff7f00000000000100
[+18.399] [hid] report: addr=b5:5d:e7:98:54:75 transport=BR_EDR len=15 data=0080ff800080ff7f00000000000100
[+18.399] [hid] report: addr=b5:5d:e7:98:54:75 transport=BR_EDR len=15 data=0080ff800080ff7f00000000000100
[+18.399] [hid] report: addr=b5:5d:e7:98:54:75 transport=BR_EDR len=15 data=0080ff800080ff7f00000000000100
[+18.465] [hid] report: addr=b5:5d:e7:98:54:75 transport=BR_EDR len=15 data=0080ff800080ff7f00000000000100
[+18.465] [hid] report: addr=b5:5d:e7:98:54:75 transport=BR_EDR len=15 data=0080ff800080ff7f00000000000100
[+18.465] [hid] report: addr=b5:5d:e7:98:54:75 transport=BR_EDR len=15 data=0080ff800080ff7f00000000000100
[+18.534] [hid] report: addr=b5:5d:e7:98:54:75 transport=BR_EDR len=15 data=0080ff800080ff7f00000000000000
[+18.534] [hid] report: addr=b5:5d:e7:98:54:75 transport=BR_EDR len=15 data=0080ff800080ff7f00000000000000
[+18.534] [hid] report: addr=b5:5d:e7:98:54:75 transport=BR_EDR len=15 data=0080ff800080ff7f00000000000000
[+18.602] [hid] report: addr=b5:5d:e7:98:54:75 transport=BR_EDR len=15 data=0080ff800080ff7f00000000000000
[+18.602] [hid] report: addr=b5:5d:e7:98:54:75 transport=BR_EDR len=15 data=0080ff800080ff7f00000000000000
[+18.602] [hid] report: addr=b5:5d:e7:98:54:75 transport=BR_EDR len=15 data=0080ff800080ff7f00000000000000
[+18.669] [hid] report: addr=b5:5d:e7:98:54:75 transport=BR_EDR len=15 data=0080ff800080ff7f00000000050000
[+18.669] [hid] report: addr=b5:5d:e7:98:54:75 transport=BR_EDR len=15 data=0080ff800080ff7f00000000050000
[+18.669] [hid] report: addr=b5:5d:e7:98:54:75 transport=BR_EDR len=15 data=0080ff800080ff7f00000000050000
[+18.736] [hid] report: addr=b5:5d:e7:98:54:75 transport=BR_EDR len=15 data=0080ff800080ff7f00000000050000
[+18.736] [hid] report: addr=b5:5d:e7:98:54:75 transport=BR_EDR len=15 data=0080ff800080ff7f00000000050000
[+18.736] [hid] report: addr=b5:5d:e7:98:54:75 transport=BR_EDR len=15 data=0080ff800080ff7f00000000050000
[+18.804] [hid] report: addr=b5:5d:e7:98:54:75 transport=BR_EDR len=15 data=0080ff800080ff7f00000000050000
[+18.804] [hid] report: addr=b5:5d:e7:98:54:75 transport=BR_EDR len=15 data=0080ff800080ff7f00000000050000
[+18.804] [hid] report: addr=b5:5d:e7:98:54:75 transport=BR_EDR len=15 data=0080ff800080ff7f00000000050000
[+18.871] [hid] report: addr=b5:5d:e7:98:54:75 transport=BR_EDR len=15 data=0080ff800080ff7f00000000000000
[+18.871] [hid] report: addr=b5:5d:e7:98:54:75 transport=BR_EDR len=15 data=0080ff800080ff7f00000000000000
[+18.871] [hid] report: addr=b5:5d:e7:98:54:75 transport=BR_EDR len=15 data=0080ff800080ff7f00000000000200
[+18.939] [hid] report: addr=b5:5d:e7:98:54:75 transport=BR_EDR len=15 data=0080ff800080ff7f00000000000200
[+18.939] [hid] report: addr=b5:5d:e7:98:54:75 transport=BR_EDR len=15 data=0080ff800080ff7f00000000000200
[+18.939] [hid] report: addr=b5:5d:e7:98:54:75 transport=BR_EDR len=15 data=0080ff800080ff7f00000000000200
[+19.006] [hid] report: addr=b5:5d:e7:98:54:75 transport=BR_EDR len=15 data=0080ff800080ff7f00000000000200
[+19.006] [hid] report: addr=b5:5d:e7:98:54:75 transport=BR_EDR len=15 data=0080ff800080ff7f00000000000200
[+19.006] [hid] report: addr=b5:5d:e7:98:54:75 transport=BR_EDR len=15 data=0080ff800080ff7f00000000000200
[+19.074] [hid] report: addr=b5:5d:e7:98:54:75 transport=BR_EDR len=15 data=0080ff800080ff7f00000000000000
[+19.074] [hid] report: addr=b5:5d:e7:98:54:75 transport=BR_EDR len=15 data=0080ff800080ff7f00000000000000
[+19.074] [hid] report: addr=b5:5d:e7:98:54:75 transport=BR_EDR len=15 data=0080ff800080ff7f00000000000000
[+19.141] [hid] report: addr=b5:5d:e7:98:54:75 transport=BR_EDR len=15 data=0080ff800080ff7f00000000000000
[+19.141] [hid] report: addr=b5:5d:e7:98:54:75 transport=BR_EDR len=15 data=0080ff800080ff7f00000000000000
[+19.141] [hid] report: addr=b5:5d:e7:98:54:75 transport=BR_EDR len=15 data=0080ff800080ff7f00000000000000
[+19.209] [hid] report: addr=b5:5d:e7:98:54:75 transport=BR_EDR len=15 data=0080ff800080ff7f00000000000000
[+19.209] [hid] report: addr=b5:5d:e7:98:54:75 transport=BR_EDR len=15 data=0080ff800080ff7f00000000000000
[+19.209] [hid] report: addr=b5:5d:e7:98:54:75 transport=BR_EDR len=15 data=0080ff800080ff7f00000000000000
[+19.276] [hid] report: addr=b5:5d:e7:98:54:75 transport=BR_EDR len=15 data=0080ff800080ff7f00000000030000
[+19.276] [hid] report: addr=b5:5d:e7:98:54:75 transport=BR_EDR len=15 data=0080ff800080ff7f00000000030000
[+19.276] [hid] report: addr=b5:5d:e7:98:54:75 transport=BR_EDR len=15 data=0080ff800080ff7f00000000030000
[+19.344] [hid] report: addr=b5:5d:e7:98:54:75 transport=BR_EDR len=15 data=0080ff800080ff7f00000000030000
[+19.344] [hid] report: addr=b5:5d:e7:98:54:75 transport=BR_EDR len=15 data=0080ff800080ff7f00000000030000
[+19.344] [hid] report: addr=b5:5d:e7:98:54:75 transport=BR_EDR len=15 data=0080ff800080ff7f00000000030000
[+19.344] [hid] report: addr=b5:5d:e7:98:54:75 transport=BR_EDR len=15 data=0080ff800080ff7f00000000030000
[+19.396] [hid] report: addr=b5:5d:e7:98:54:75 transport=BR_EDR len=15 data=0080ff800080ff7f00000000030000
[+19.396] [hid] report: addr=b5:5d:e7:98:54:75 transport=BR_EDR len=15 data=0080ff800080ff7f00000000030000
[+19.448] [hid] report: addr=b5:5d:e7:98:54:75 transport=BR_EDR len=15 data=0080ff800080ff7f00000000000000
[+19.448] [hid] report: addr=b5:5d:e7:98:54:75 transport=BR_EDR len=15 data=0080ff800080ff7f00000000000000
[+19.448] [hid] report: addr=b5:5d:e7:98:54:75 transport=BR_EDR len=15 data=0080ff800080ff7f00000000000000
[+19.448] [hid] report: addr=b5:5d:e7:98:54:75 transport=BR_EDR len=15 data=0080ff800080ff7f00000000000000
[+19.512] [hid] report: addr=b5:5d:e7:98:54:75 transport=BR_EDR len=15 data=0080ff800080ff7f00000000000000
[+19.512] [hid] report: addr=b5:5d:e7:98:54:75 transport=BR_EDR len=15 data=0080ff800080ff7f00000000000000
[+19.512] [hid] report: addr=b5:5d:e7:98:54:75 transport=BR_EDR len=15 data=0080ff800080ff7f00000000000000
[+19.579] [hid] report: addr=b5:5d:e7:98:54:75 transport=BR_EDR len=15 data=0080ff800080ff7f00000000000000
[+19.579] [hid] report: addr=b5:5d:e7:98:54:75 transport=BR_EDR len=15 data=0080ff800080ff7f00000000000000
[+19.630] [hid] report: addr=b5:5d:e7:98:54:75 transport=BR_EDR len=15 data=0080ff800080ff7f00000000000100
[+19.630] [hid] report: addr=b5:5d:e7:98:54:75 transport=BR_EDR len=15 data=0080ff800080ff7f00000000000100
[+19.681] [hid] report: addr=b5:5d:e7:98:54:75 transport=BR_EDR len=15 data=0080ff800080ff7f00000000000100
[+19.681] [hid] report: addr=b5:5d:e7:98:54:75 transport=BR_EDR len=15 data=0080ff800080ff7f00000000000100
[+19.681] [hid] report: addr=b5:5d:e7:98:54:75 transport=BR_EDR len=15 data=0080ff800080ff7f00000000000100
[+19.749] [hid] report: addr=b5:5d:e7:98:54:75 transport=BR_EDR len=15 data=0080ff800080ff7f00000000000100
[+19.749] [hid] report: addr=b5:5d:e7:98:54:75 transport=BR_EDR len=15 data=0080ff800080ff7f00000000000100
[+19.749] [hid] report: addr=b5:5d:e7:98:54:75 transport=BR_EDR len=15 data=0080ff800080ff7f00000000000000
[+19.816] [hid] report: addr=b5:5d:e7:98:54:75 transport=BR_EDR len=15 data=0080ff800080ff7f00000000000000
[+19.816] [hid] report: addr=b5:5d:e7:98:54:75 transport=BR_EDR len=15 data=0080ff800080ff7f00000000000000
[+19.816] [hid] report: addr=b5:5d:e7:98:54:75 transport=BR_EDR len=15 data=0080ff800080ff7f00000000000000
[+19.884] [hid] report: addr=b5:5d:e7:98:54:75 transport=BR_EDR len=15 data=0080ff800080ff7f00000000000000
[+19.884] [hid] report: addr=b5:5d:e7:98:54:75 transport=BR_EDR len=15 data=0080ff800080ff7f00000000000000
[+19.884] [hid] report: addr=b5:5d:e7:98:54:75 transport=BR_EDR len=15 data=0080ff800080ff7f00000000000000
[+19.951] [hid] report: addr=b5:5d:e7:98:54:75 transport=BR_EDR len=15 data=0080ff800080ff7f00000000000000
[+19.951] [hid] report: addr=b5:5d:e7:98:54:75 transport=BR_EDR len=15 data=0080ff800080ff7f00000000010000
[+19.951] [hid] report: addr=b5:5d:e7:98:54:75 transport=BR_EDR len=15 data=0080ff800080ff7f00000000010000
[+20.019] [hid] report: addr=b5:5d:e7:98:54:75 transport=BR_EDR len=15 data=0080ff80007fff8000000000010000
[+20.019] [hid] report: addr=b5:5d:e7:98:54:75 transport=BR_EDR len=15 data=0080ff80007fff8000000000010000
[+20.086] [hid] report: addr=b5:5d:e7:98:54:75 transport=BR_EDR len=15 data=0080ff800080ff8000000000010000
[+20.086] [hid] report: addr=b5:5d:e7:98:54:75 transport=BR_EDR len=15 data=0080ff800080ff8000000000010000
[+20.086] [hid] report: addr=b5:5d:e7:98:54:75 transport=BR_EDR len=15 data=0080ff800080ff8000000000000000
[+20.154] [hid] report: addr=b5:5d:e7:98:54:75 transport=BR_EDR len=15 data=0080ff800080ff8000000000000000
[+20.154] [hid] report: addr=b5:5d:e7:98:54:75 transport=BR_EDR len=15 data=0080ff800080ff8000000000000000
[+20.154] [hid] report: addr=b5:5d:e7:98:54:75 transport=BR_EDR len=15 data=0080ff800080ff8000000000000000
[+20.220] [hid] report: addr=b5:5d:e7:98:54:75 transport=BR_EDR len=15 data=0080ff800080ff8000000000000000
[+20.220] [hid] report: addr=b5:5d:e7:98:54:75 transport=BR_EDR len=15 data=0080ff800080ff8000000000000000
[+20.220] [hid] report: addr=b5:5d:e7:98:54:75 transport=BR_EDR len=15 data=0080ff800080ff8000000000000200
[+20.289] [hid] report: addr=b5:5d:e7:98:54:75 transport=BR_EDR len=15 data=0080ff800080ff8000000000000200
[+20.289] [hid] report: addr=b5:5d:e7:98:54:75 transport=BR_EDR len=15 data=0080ff800080ff8000000000000200
[+20.289] [hid] report: addr=b5:5d:e7:98:54:75 transport=BR_EDR len=15 data=0080ff800080ff8000000000000200
[+20.356] [hid] report: addr=b5:5d:e7:98:54:75 transport=BR_EDR len=15 data=0080ff800080ff8000000000000000
[+20.356] [hid] report: addr=b5:5d:e7:98:54:75 transport=BR_EDR len=15 data=0080ff800080ff8000000000000000
[+20.356] [hid] report: addr=b5:5d:e7:98:54:75 transport=BR_EDR len=15 data=0080ff800080ff8000000000000000
[+20.425] [hid] report: addr=b5:5d:e7:98:54:75 transport=BR_EDR len=15 data=0080ff800080ff8000000000000000
[+20.425] [hid] report: addr=b5:5d:e7:98:54:75 transport=BR_EDR len=15 data=0080ff800080ff8000000000000000
[+20.477] BLE: 60:b0:2b:ef:a3:33, RSSI: -64, UUID: 0x0000, APPEARANCE: 0x0000, ADDR_TYPE: 'PUBLIC', NAME: 'U-ACGA332'
[+20.477] BLE: 60:b0:2b:89:dd:ed, RSSI: -69, UUID: 0x0000, APPEARANCE: 0x0000, ADDR_TYPE: 'PUBLIC', NAME: 'U-ACGDDEC'
[+20.477] [hid] report: addr=b5:5d:e7:98:54:75 transport=BR_EDR len=15 data=0080ff800080ff8000000000000000
[+20.559] [hid] report: addr=b5:5d:e7:98:54:75 transport=BR_EDR len=15 data=0080ff800080ff8000000000000000
[+20.559] [hid] report: addr=b5:5d:e7:98:54:75 transport=BR_EDR len=15 data=0080ff800080ff8000000000000000
[+20.559] [hid] report: addr=b5:5d:e7:98:54:75 transport=BR_EDR len=15 data=0080ff800080ff8000000000070000
[+20.661] [hid] report: addr=b5:5d:e7:98:54:75 transport=BR_EDR len=15 data=0080ff800080ff8000000000070000
[+20.661] [hid] report: addr=b5:5d:e7:98:54:75 transport=BR_EDR len=15 data=0080ff800080ff8000000000070000
[+20.661] [hid] report: addr=b5:5d:e7:98:54:75 transport=BR_EDR len=15 data=0080ff800080ff8000000000070000
[+20.761] [hid] report: addr=b5:5d:e7:98:54:75 transport=BR_EDR len=15 data=0080ff800080ff8000000000000000
[+20.761] [hid] report: addr=b5:5d:e7:98:54:75 transport=BR_EDR len=15 data=0080ff800080ff8000000000000000
[+20.761] [hid] report: addr=b5:5d:e7:98:54:75 transport=BR_EDR len=15 data=0080ff800080ff8000000000000000
[+20.863] [hid] report: addr=b5:5d:e7:98:54:75 transport=BR_EDR len=15 data=0080ff800080ff8000000000000000
[+20.863] [hid] report: addr=b5:5d:e7:98:54:75 transport=BR_EDR len=15 data=0080ff800080ff8000000000000000
[+20.863] [hid] report: addr=b5:5d:e7:98:54:75 transport=BR_EDR len=15 data=0080ff800080ff8000000000000000
[+20.964] [hid] report: addr=b5:5d:e7:98:54:75 transport=BR_EDR len=15 data=0080ff800080ff8000000000000100
[+20.964] [hid] report: addr=b5:5d:e7:98:54:75 transport=BR_EDR len=15 data=0080ff800080ff8000000000000100
[+20.964] [hid] report: addr=b5:5d:e7:98:54:75 transport=BR_EDR len=15 data=0080ff800080ff8000000000000100
[+21.066] [hid] report: addr=b5:5d:e7:98:54:75 transport=BR_EDR len=15 data=0080ff800080ff8000000000000000
[+21.066] [hid] report: addr=b5:5d:e7:98:54:75 transport=BR_EDR len=15 data=0080ff800080ff8000000000000000
[+21.066] [hid] report: addr=b5:5d:e7:98:54:75 transport=BR_EDR len=15 data=0080ff800080ff8000000000000000
[+21.066] [hid] report: addr=b5:5d:e7:98:54:75 transport=BR_EDR len=15 data=0080ff800080ff8000000000000000
[+21.166] [hid] report: addr=b5:5d:e7:98:54:75 transport=BR_EDR len=15 data=0080ff800080ff8000000000000000
[+21.166] [hid] report: addr=b5:5d:e7:98:54:75 transport=BR_EDR len=15 data=0080ff800080ff8000000000000000
[+21.217] [hid] report: addr=b5:5d:e7:98:54:75 transport=BR_EDR len=15 data=0080ff800080ff8000000000000000
[+21.267] [hid] report: addr=b5:5d:e7:98:54:75 transport=BR_EDR len=15 data=0080ff800080ff8000000000050000
[+21.267] [hid] report: addr=b5:5d:e7:98:54:75 transport=BR_EDR len=15 data=0080ff800080ff8000000000050000
[+21.318] [hid] report: addr=b5:5d:e7:98:54:75 transport=BR_EDR len=15 data=0080ff800080ff8000000000050000
[+21.368] [hid] report: addr=b5:5d:e7:98:54:75 transport=BR_EDR len=15 data=0080ff800080ff8000000000050000
[+21.368] [hid] report: addr=b5:5d:e7:98:54:75 transport=BR_EDR len=15 data=0080ff800080ff8000000000000000
[+21.420] [hid] report: addr=b5:5d:e7:98:54:75 transport=BR_EDR len=15 data=0080ff800080ff8000000000000000
[+21.420] [hid] report: addr=b5:5d:e7:98:54:75 transport=BR_EDR len=15 data=0080ff800080ff8000000000000000
[+21.504] [hid] report: addr=b5:5d:e7:98:54:75 transport=BR_EDR len=15 data=0080ff800080ff8000000000000000
[+21.504] [hid] report: addr=b5:5d:e7:98:54:75 transport=BR_EDR len=15 data=0080ff800080ff8000000000000000
[+21.504] [hid] report: addr=b5:5d:e7:98:54:75 transport=BR_EDR len=15 data=0080ff800080ff8000000000000000
[+21.605] [hid] report: addr=b5:5d:e7:98:54:75 transport=BR_EDR len=15 data=0080ff800080ff8000000000000200
[+21.605] [hid] report: addr=b5:5d:e7:98:54:75 transport=BR_EDR len=15 data=0080ff800080ff8000000000000200
[+21.605] [hid] report: addr=b5:5d:e7:98:54:75 transport=BR_EDR len=15 data=0080ff800080ff8000000000000200
[+21.605] [hid] report: addr=b5:5d:e7:98:54:75 transport=BR_EDR len=15 data=0080ff800080ff8000000000000000
[+21.706] [hid] report: addr=b5:5d:e7:98:54:75 transport=BR_EDR len=15 data=0080ff800080ff8000000000000000
[+21.706] [hid] report: addr=b5:5d:e7:98:54:75 transport=BR_EDR len=15 data=0080ff800080ff8000000000000000
[+21.757] [hid] report: addr=b5:5d:e7:98:54:75 transport=BR_EDR len=15 data=0080ff800080ff8000000000000000
[+21.807] [hid] report: addr=b5:5d:e7:98:54:75 transport=BR_EDR len=15 data=0080ff800080ff8000000000000000
[+21.807] [hid] report: addr=b5:5d:e7:98:54:75 transport=BR_EDR len=15 data=0080ff800080ff8000000000000000
[+21.858] [hid] report: addr=b5:5d:e7:98:54:75 transport=BR_EDR len=15 data=0080ff800080ff8000000000000000
[+21.908] [hid] report: addr=b5:5d:e7:98:54:75 transport=BR_EDR len=15 data=0080ff800080ff8000000000010000
[+21.908] [hid] report: addr=b5:5d:e7:98:54:75 transport=BR_EDR len=15 data=0080ff800080ff8000000000010000
[+21.959] [hid] report: addr=b5:5d:e7:98:54:75 transport=BR_EDR len=15 data=0080ff800080ff8000000000010000
[+22.010] [hid] report: addr=b5:5d:e7:98:54:75 transport=BR_EDR len=15 data=0080ff800080ff8000000000010000
[+22.010] BLE: d4:5e:ec:43:1d:e3, RSSI: -103, UUID: 0x0000, APPEARANCE: 0x0000, ADDR_TYPE: 'PUBLIC'
[+22.010] [hid] report: addr=b5:5d:e7:98:54:75 transport=BR_EDR len=15 data=007fff7f0080ff8000000000010000
[+22.061] [hid] report: addr=b5:5d:e7:98:54:75 transport=BR_EDR len=15 data=007fff7f0080ff8000000000010000
[+22.111] [hid] report: addr=b5:5d:e7:98:54:75 transport=BR_EDR len=15 data=007fff7f0080ff8000000000010000
[+22.111] [hid] report: addr=b5:5d:e7:98:54:75 transport=BR_EDR len=15 data=007fff7f0080ff8000000000000000
[+22.163] [hid] report: addr=b5:5d:e7:98:54:75 transport=BR_EDR len=15 data=007fff7f0080ff8000000000000000
[+22.215] [hid] report: addr=b5:5d:e7:98:54:75 transport=BR_EDR len=15 data=007fff800080ff8000000000000000
[+22.215] [hid] report: addr=b5:5d:e7:98:54:75 transport=BR_EDR len=15 data=007fff800080ff8000000000000800
[+22.215] [hid] report: addr=b5:5d:e7:98:54:75 transport=BR_EDR len=15 data=007fff800080ff8000000000000800
[+22.314] [hid] report: addr=b5:5d:e7:98:54:75 transport=BR_EDR len=15 data=007fff800080ff8000000000000800
[+22.314] [hid] report: addr=b5:5d:e7:98:54:75 transport=BR_EDR len=15 data=007fff800080ff8000000000000800
[+22.365] [hid] report: addr=b5:5d:e7:98:54:75 transport=BR_EDR len=15 data=007fff800080ff8000000000000800
[+22.415] [hid] report: addr=b5:5d:e7:98:54:75 transport=BR_EDR len=15 data=007fff7f0080ff8000000000000000
[+22.415] BLE: 52:c1:31:f5:39:05, RSSI: -64, UUID: 0xfdaa, APPEARANCE: 0x0000, ADDR_TYPE: 'RANDOM'
[+22.415] [hid] report: addr=b5:5d:e7:98:54:75 transport=BR_EDR len=15 data=007fff7f0080ff8000000000000000
[+22.466] [hid] report: addr=b5:5d:e7:98:54:75 transport=BR_EDR len=15 data=007eff7f0080ff8000000000000000
[+22.519] [hid] report: addr=b5:5d:e7:98:54:75 transport=BR_EDR len=15 data=007eff7e0080ff8000000000000000
[+22.519] [hid] report: addr=b5:5d:e7:98:54:75 transport=BR_EDR len=15 data=007eff7e0080ff8000000000000000
[+22.519] [hid] report: addr=b5:5d:e7:98:54:75 transport=BR_EDR len=15 data=007eff7e0080ff8000000000000000
[+22.617] [hid] report: addr=b5:5d:e7:98:54:75 transport=BR_EDR len=15 data=007fff7f0080ff8000000000000000
[+22.617] [hid] report: addr=b5:5d:e7:98:54:75 transport=BR_EDR len=15 data=007fff7f0080ff8000000000000000
[+22.668] [hid] report: addr=b5:5d:e7:98:54:75 transport=BR_EDR len=15 data=0080ff7e0080ff8000000000000000
[+22.718] [hid] report: addr=b5:5d:e7:98:54:75 transport=BR_EDR len=15 data=007fff7f0080ff8000000000000200
[+22.718] [hid] report: addr=b5:5d:e7:98:54:75 transport=BR_EDR len=15 data=007fff7f0080ff8000000000000200
[+22.718] [hid] report: addr=b5:5d:e7:98:54:75 transport=BR_EDR len=15 data=007fff7f0080ff8000000000000200
[+22.788] [hid] report: addr=b5:5d:e7:98:54:75 transport=BR_EDR len=15 data=007fff7f0080ff8000000000000200
[+22.854] [hid] report: addr=b5:5d:e7:98:54:75 transport=BR_EDR len=15 data=0080ff800080ff8000000000000000
[+22.854] [hid] report: addr=b5:5d:e7:98:54:75 transport=BR_EDR len=15 data=0080ff800080ff8000000000000000
[+22.854] [hid] report: addr=b5:5d:e7:98:54:75 transport=BR_EDR len=15 data=0080ff800080ff8000000000000000
[+22.956] [hid] report: addr=b5:5d:e7:98:54:75 transport=BR_EDR len=15 data=0080ff800080ff8000000000000000
[+22.956] [hid] report: addr=b5:5d:e7:98:54:75 transport=BR_EDR len=15 data=0080ff800080ff8000000000000000
[+22.956] [hid] report: addr=b5:5d:e7:98:54:75 transport=BR_EDR len=15 data=0080ff800080ff8000000000000000
[+22.956] [hid] report: addr=b5:5d:e7:98:54:75 transport=BR_EDR len=15 data=0080ff7f0080ff8000000000000000
[+23.022] [hid] report: addr=b5:5d:e7:98:54:75 transport=BR_EDR len=15 data=0080ff7f0080ff8000000000000000
[+23.022] [hid] report: addr=b5:5d:e7:98:54:75 transport=BR_EDR len=15 data=0080ff7f0080ff8000000000000000
[+23.074] [hid] report: addr=b5:5d:e7:98:54:75 transport=BR_EDR len=15 data=0080ff7f0080ff8000000000010000
[+23.074] [hid] report: addr=b5:5d:e7:98:54:75 transport=BR_EDR len=15 data=0080ff7f0080ff8000000000010000
[+23.158] [hid] report: addr=b5:5d:e7:98:54:75 transport=BR_EDR len=15 data=0080ff7f0080ff8000000000010000
[+23.158] [hid] report: addr=b5:5d:e7:98:54:75 transport=BR_EDR len=15 data=0080ff7f0080ff8000000000010000
[+23.158] [hid] report: addr=b5:5d:e7:98:54:75 transport=BR_EDR len=15 data=0080ff7f0080ff8000000000010000
[+23.260] [hid] report: addr=b5:5d:e7:98:54:75 transport=BR_EDR len=15 data=0080ff800080ff8000000000010000
[+23.260] [hid] report: addr=b5:5d:e7:98:54:75 transport=BR_EDR len=15 data=0080ff800080ff8000000000010000
[+23.260] [hid] report: addr=b5:5d:e7:98:54:75 transport=BR_EDR len=15 data=007fff7f0080ff8000000000010000
[+23.361] [hid] report: addr=b5:5d:e7:98:54:75 transport=BR_EDR len=15 data=007fff800080ff8000000000000000
[+23.361] [hid] report: addr=b5:5d:e7:98:54:75 transport=BR_EDR len=15 data=007fff800080ff8000000000000200
[+23.361] [hid] report: addr=b5:5d:e7:98:54:75 transport=BR_EDR len=15 data=007fff800080ff8000000000000200
[+23.462] [hid] report: addr=b5:5d:e7:98:54:75 transport=BR_EDR len=15 data=007fff800080ff8000000000000200
[+23.462] [hid] report: addr=b5:5d:e7:98:54:75 transport=BR_EDR len=15 data=007fff800080ff8000000000000200
[+23.462] [hid] report: addr=b5:5d:e7:98:54:75 transport=BR_EDR len=15 data=007fff800080ff8000000000000200
[+23.563] [hid] report: addr=b5:5d:e7:98:54:75 transport=BR_EDR len=15 data=007fff800080ff8000000000000000
[+23.563] [hid] report: addr=b5:5d:e7:98:54:75 transport=BR_EDR len=15 data=007fff800080ff8000000000000000
[+23.563] [hid] report: addr=b5:5d:e7:98:54:75 transport=BR_EDR len=15 data=007fff800080ff8000000000000000
[+23.666] [hid] report: addr=b5:5d:e7:98:54:75 transport=BR_EDR len=15 data=0080ff800080ff8000000000010000
[+23.666] [hid] report: addr=b5:5d:e7:98:54:75 transport=BR_EDR len=15 data=0080ff800080ff8000000000010000
[+23.666] [hid] report: addr=b5:5d:e7:98:54:75 transport=BR_EDR len=15 data=0080ff800080ff8000000000010000
[+23.666] [hid] report: addr=b5:5d:e7:98:54:75 transport=BR_EDR len=15 data=0080ff800080ff8000000000010000
[+23.765] [hid] report: addr=b5:5d:e7:98:54:75 transport=BR_EDR len=15 data=0080ff800080ff8000000000010000
[+23.765] [hid] report: addr=b5:5d:e7:98:54:75 transport=BR_EDR len=15 data=007fff800080ff8000000000000000
[+23.816] [hid] report: addr=b5:5d:e7:98:54:75 transport=BR_EDR len=15 data=007fff800080ff8000000000000000
[+23.868] [hid] report: addr=b5:5d:e7:98:54:75 transport=BR_EDR len=15 data=007fff800080ff8000000000000000
[+23.868] [hid] report: addr=b5:5d:e7:98:54:75 transport=BR_EDR len=15 data=007fff800080ff8000000000000000
[+23.868] [hid] report: addr=b5:5d:e7:98:54:75 transport=BR_EDR len=15 data=007fff800080ff8000000000000000
[+23.967] [hid] report: addr=b5:5d:e7:98:54:75 transport=BR_EDR len=15 data=007fff800080ff8000000000000000
[+23.967] [hid] report: addr=b5:5d:e7:98:54:75 transport=BR_EDR len=15 data=007fff800080ff8000000000000100
[+24.018] [hid] report: addr=b5:5d:e7:98:54:75 transport=BR_EDR len=15 data=007fff800080ff8000000000000100
[+24.068] [hid] report: addr=b5:5d:e7:98:54:75 transport=BR_EDR len=15 data=007fff800080ff8000000000000100
[+24.068] [hid] report: addr=b5:5d:e7:98:54:75 transport=BR_EDR len=15 data=007fff800080ff8000000000000100
[+24.120] [hid] report: addr=b5:5d:e7:98:54:75 transport=BR_EDR len=15 data=007fff800080ff8000000000000100
[+24.120] [hid] report: addr=b5:5d:e7:98:54:75 transport=BR_EDR len=15 data=007fff800080ff8000000000000000
[+24.204] [hid] report: addr=b5:5d:e7:98:54:75 transport=BR_EDR len=15 data=0080ff800080ff8000000000000000
[+24.204] [hid] report: addr=b5:5d:e7:98:54:75 transport=BR_EDR len=15 data=0080ff800080ff8000000000000000
[+24.204] [hid] report: addr=b5:5d:e7:98:54:75 transport=BR_EDR len=15 data=0080ff800080ff8000000000000000
[+24.306] [hid] report: addr=b5:5d:e7:98:54:75 transport=BR_EDR len=15 data=0080ff800080ff8000000000000000
[+24.306] [hid] report: addr=b5:5d:e7:98:54:75 transport=BR_EDR len=15 data=0080ff800080ff8000000000000000
[+24.306] [hid] report: addr=b5:5d:e7:98:54:75 transport=BR_EDR len=15 data=0080ff800080ff8000000000050000
[+24.306] [hid] report: addr=b5:5d:e7:98:54:75 transport=BR_EDR len=15 data=0080ff800080ff8000000000050000
[+24.406] [hid] report: addr=b5:5d:e7:98:54:75 transport=BR_EDR len=15 data=0080ff800080ff8000000000050000
[+24.406] [hid] report: addr=b5:5d:e7:98:54:75 transport=BR_EDR len=15 data=0080ff800080ff8000000000050000
[+24.457] [hid] report: addr=b5:5d:e7:98:54:75 transport=BR_EDR len=15 data=0080ff800080ff8000000000050000
[+24.507] [hid] report: addr=b5:5d:e7:98:54:75 transport=BR_EDR len=15 data=0080ff800080ff8000000000000000
[+24.507] [hid] report: addr=b5:5d:e7:98:54:75 transport=BR_EDR len=15 data=0080ff800080ff8000000000000000
[+24.558] [hid] report: addr=b5:5d:e7:98:54:75 transport=BR_EDR len=15 data=0080ff800080ff8000000000000000
[+24.608] [hid] report: addr=b5:5d:e7:98:54:75 transport=BR_EDR len=15 data=0080ff800080ff8000000000000000
[+24.608] [hid] report: addr=b5:5d:e7:98:54:75 transport=BR_EDR len=15 data=0080ff800080ff8000000000000000
[+24.659] [hid] report: addr=b5:5d:e7:98:54:75 transport=BR_EDR len=15 data=0080ff800080ff8000000000000000
[+24.710] [hid] report: addr=b5:5d:e7:98:54:75 transport=BR_EDR len=15 data=0080ff800080ff8000000000000100
[+24.710] [hid] report: addr=b5:5d:e7:98:54:75 transport=BR_EDR len=15 data=0080ff800080ff8000000000000100
[+24.761] [hid] report: addr=b5:5d:e7:98:54:75 transport=BR_EDR len=15 data=0080ff800080ff8000000000000100
[+24.811] [hid] report: addr=b5:5d:e7:98:54:75 transport=BR_EDR len=15 data=0080ff800080ff8000000000000100
[+24.811] [hid] report: addr=b5:5d:e7:98:54:75 transport=BR_EDR len=15 data=0080ff800080ff8000000000000100
[+24.862] [hid] report: addr=b5:5d:e7:98:54:75 transport=BR_EDR len=15 data=0080ff800080ff8000000000000000
[+24.912] [hid] report: addr=b5:5d:e7:98:54:75 transport=BR_EDR len=15 data=0080ff800080ff8000000000000000
[+24.912] [hid] report: addr=b5:5d:e7:98:54:75 transport=BR_EDR len=15 data=0080ff800080ff8000000000000000
[+24.964] [hid] report: addr=b5:5d:e7:98:54:75 transport=BR_EDR len=15 data=0080ff800080ff8000000000000000
[+25.016] [hid] report: addr=b5:5d:e7:98:54:75 transport=BR_EDR len=15 data=0080ff800080ff8000000000000000
[+25.016] [hid] report: addr=b5:5d:e7:98:54:75 transport=BR_EDR len=15 data=0080ff800080ff8000000000070000
[+25.016] [hid] report: addr=b5:5d:e7:98:54:75 transport=BR_EDR len=15 data=0080ff800080ff8000000000070000
[+25.115] [hid] report: addr=b5:5d:e7:98:54:75 transport=BR_EDR len=15 data=0080ff800080ff8000000000070000
[+25.115] [hid] report: addr=b5:5d:e7:98:54:75 transport=BR_EDR len=15 data=0080ff800080ff8000000000070000
[+25.166] [hid] report: addr=b5:5d:e7:98:54:75 transport=BR_EDR len=15 data=0080ff800080ff8000000000070000
[+25.219] [hid] report: addr=b5:5d:e7:98:54:75 transport=BR_EDR len=15 data=0080ff800080ff8000000000070000
[+25.219] [hid] report: addr=b5:5d:e7:98:54:75 transport=BR_EDR len=15 data=0080ff800080ff8000000000000000
[+25.219] [hid] report: addr=b5:5d:e7:98:54:75 transport=BR_EDR len=15 data=0080ff800080ff8000000000000000
[+25.317] [hid] report: addr=b5:5d:e7:98:54:75 transport=BR_EDR len=15 data=0080ff800080ff8000000000000000
[+25.317] [hid] report: addr=b5:5d:e7:98:54:75 transport=BR_EDR len=15 data=0080ff800080ff8000000000000000
[+25.368] [hid] report: addr=b5:5d:e7:98:54:75 transport=BR_EDR len=15 data=0080ff800080ff8000000000000000
[+25.418] [hid] report: addr=b5:5d:e7:98:54:75 transport=BR_EDR len=15 data=0080ff800080ff8000000000000200
[+25.418] [hid] report: addr=b5:5d:e7:98:54:75 transport=BR_EDR len=15 data=0080ff800080ff8000000000000200
[+25.469] [hid] report: addr=b5:5d:e7:98:54:75 transport=BR_EDR len=15 data=0080ff800080ff8000000000000200
[+25.469] [hid] report: addr=b5:5d:e7:98:54:75 transport=BR_EDR len=15 data=0080ff800080ff8000000000000200
[+25.520] [hid] report: addr=b5:5d:e7:98:54:75 transport=BR_EDR len=15 data=0080ff800080ff8000000000000200
[+25.520] [hid] report: addr=b5:5d:e7:98:54:75 transport=BR_EDR len=15 data=0080ff800080ff8000000000000200
[+25.520] [hid] report: addr=b5:5d:e7:98:54:75 transport=BR_EDR len=15 data=0080ff800080ff8000000000000000
[+25.587] [hid] report: addr=b5:5d:e7:98:54:75 transport=BR_EDR len=15 data=0080ff800080ff8000000000000000
[+25.587] [hid] report: addr=b5:5d:e7:98:54:75 transport=BR_EDR len=15 data=0080ff800080ff8000000000000000
[+25.587] [hid] report: addr=b5:5d:e7:98:54:75 transport=BR_EDR len=15 data=0080ff800080ff8000000000000000
[+25.655] [hid] report: addr=b5:5d:e7:98:54:75 transport=BR_EDR len=15 data=0080ff800080ff8000000000000000
[+25.655] [hid] report: addr=b5:5d:e7:98:54:75 transport=BR_EDR len=15 data=0080ff800080ff8000000000000000
[+25.655] [hid] report: addr=b5:5d:e7:98:54:75 transport=BR_EDR len=15 data=0080ff800080ff8000000000000000
[+25.723] [hid] report: addr=b5:5d:e7:98:54:75 transport=BR_EDR len=15 data=0080ff800080ff8000000000000000
[+25.723] [hid] report: addr=b5:5d:e7:98:54:75 transport=BR_EDR len=15 data=0080ff800080ff8000000000000000
[+25.723] [hid] report: addr=b5:5d:e7:98:54:75 transport=BR_EDR len=15 data=0080ff800080ff8000000000030000
[+25.790] [hid] report: addr=b5:5d:e7:98:54:75 transport=BR_EDR len=15 data=0080ff800080ff8000000000030000
[+25.790] [hid] report: addr=b5:5d:e7:98:54:75 transport=BR_EDR len=15 data=0080ff800080ff8000000000030000
[+25.790] [hid] report: addr=b5:5d:e7:98:54:75 transport=BR_EDR len=15 data=0080ff800080ff8000000000030000
[+25.858] [hid] report: addr=b5:5d:e7:98:54:75 transport=BR_EDR len=15 data=0080ff800080ff8000000000030000
[+25.858] [hid] report: addr=b5:5d:e7:98:54:75 transport=BR_EDR len=15 data=0080ff800080ff8000000000030000
[+25.858] [hid] report: addr=b5:5d:e7:98:54:75 transport=BR_EDR len=15 data=0080ff800080ff8000000000030000
[+25.925] [hid] report: addr=b5:5d:e7:98:54:75 transport=BR_EDR len=15 data=0080ff800080ff8000000000000000
[+25.925] [hid] report: addr=b5:5d:e7:98:54:75 transport=BR_EDR len=15 data=0080ff800080ff8000000000000000
[+25.925] [hid] report: addr=b5:5d:e7:98:54:75 transport=BR_EDR len=15 data=0080ff800080ff8000000000000000
[+25.993] [hid] report: addr=b5:5d:e7:98:54:75 transport=BR_EDR len=15 data=0080ff800080ff8000000000000000
[+25.993] [hid] report: addr=b5:5d:e7:98:54:75 transport=BR_EDR len=15 data=0080ff800080ff8000000000000000
[+25.993] [hid] report: addr=b5:5d:e7:98:54:75 transport=BR_EDR len=15 data=0080ff800080ff8000000000000000
[+26.060] [hid] report: addr=b5:5d:e7:98:54:75 transport=BR_EDR len=15 data=0080ff800080ff8000000000000000
[+26.060] [hid] report: addr=b5:5d:e7:98:54:75 transport=BR_EDR len=15 data=0080ff800080ff8000000000000000
[+26.060] [hid] report: addr=b5:5d:e7:98:54:75 transport=BR_EDR len=15 data=0080ff800080ff8000000000000100
[+26.128] [hid] report: addr=b5:5d:e7:98:54:75 transport=BR_EDR len=15 data=0080ff800080ff8000000000000100
[+26.128] [hid] report: addr=b5:5d:e7:98:54:75 transport=BR_EDR len=15 data=0080ff800080ff8000000000000100
[+26.128] [hid] report: addr=b5:5d:e7:98:54:75 transport=BR_EDR len=15 data=0080ff800080ff8000000000000100
[+26.195] [hid] report: addr=b5:5d:e7:98:54:75 transport=BR_EDR len=15 data=0080ff800080ff8000000000000100
[+26.195] [hid] report: addr=b5:5d:e7:98:54:75 transport=BR_EDR len=15 data=0080ff800080ff8000000000000100
[+26.195] [hid] report: addr=b5:5d:e7:98:54:75 transport=BR_EDR len=15 data=0080ff800080ff8000000000000100
[+26.261] [hid] report: addr=b5:5d:e7:98:54:75 transport=BR_EDR len=15 data=0080ff800080ff8000000000000000
[+26.261] [hid] report: addr=b5:5d:e7:98:54:75 transport=BR_EDR len=15 data=0080ff800080ff8000000000000000
[+26.261] [hid] report: addr=b5:5d:e7:98:54:75 transport=BR_EDR len=15 data=0080ff800080ff8000000000000000
[+26.330] [hid] report: addr=b5:5d:e7:98:54:75 transport=BR_EDR len=15 data=0080ff800080ff8000000000000000
[+26.330] [hid] report: addr=b5:5d:e7:98:54:75 transport=BR_EDR len=15 data=0080ff800080ff8000000000000000
[+26.330] [hid] report: addr=b5:5d:e7:98:54:75 transport=BR_EDR len=15 data=0080ff800080ff8000000000000000
[+26.398] [hid] report: addr=b5:5d:e7:98:54:75 transport=BR_EDR len=15 data=0080ff800080ff8000000000000000
[+26.398] [hid] report: addr=b5:5d:e7:98:54:75 transport=BR_EDR len=15 data=0080ff800080ff8000000000000000
[+26.398] [hid] report: addr=b5:5d:e7:98:54:75 transport=BR_EDR len=15 data=0080ff800080ff8000000000000000
[+26.465] [hid] report: addr=b5:5d:e7:98:54:75 transport=BR_EDR len=15 data=0080ff800080ff8000000000000000
[+26.465] [hid] report: addr=b5:5d:e7:98:54:75 transport=BR_EDR len=15 data=0080ff800080ff8000000000000000
[+26.465] [hid] report: addr=b5:5d:e7:98:54:75 transport=BR_EDR len=15 data=0080ff800080ff8000000000050000
[+26.533] [hid] report: addr=b5:5d:e7:98:54:75 transport=BR_EDR len=15 data=0080ff800080ff8000000000050000
[+26.533] [hid] report: addr=b5:5d:e7:98:54:75 transport=BR_EDR len=15 data=0080ff800080ff8000000000050000
[+26.533] [hid] report: addr=b5:5d:e7:98:54:75 transport=BR_EDR len=15 data=0080ff800080ff8000000000050000
[+26.600] [hid] report: addr=b5:5d:e7:98:54:75 transport=BR_EDR len=15 data=0080ff800080ff8000000000050000
[+26.600] [hid] report: addr=b5:5d:e7:98:54:75 transport=BR_EDR len=15 data=0080ff800080ff8000000000050000
[+26.600] [hid] report: addr=b5:5d:e7:98:54:75 transport=BR_EDR len=15 data=0080ff800080ff8000000000050000
[+26.668] [hid] report: addr=b5:5d:e7:98:54:75 transport=BR_EDR len=15 data=0080ff800080ff8000000000000000
[+26.668] [hid] report: addr=b5:5d:e7:98:54:75 transport=BR_EDR len=15 data=0080ff800080ff8000000000000000
[+26.668] [hid] report: addr=b5:5d:e7:98:54:75 transport=BR_EDR len=15 data=0080ff800080ff8000000000000000
[+26.735] [hid] report: addr=b5:5d:e7:98:54:75 transport=BR_EDR len=15 data=0080ff800080ff8000000000000000
[+26.735] [hid] report: addr=b5:5d:e7:98:54:75 transport=BR_EDR len=15 data=0080ff800080ff8000000000000000
[+26.735] [hid] report: addr=b5:5d:e7:98:54:75 transport=BR_EDR len=15 data=0080ff800080ff8000000000000000
[+26.803] [hid] report: addr=b5:5d:e7:98:54:75 transport=BR_EDR len=15 data=0080ff800080ff8000000000000100
[+26.803] [hid] report: addr=b5:5d:e7:98:54:75 transport=BR_EDR len=15 data=0080ff800080ff8000000000000100
[+26.803] [hid] report: addr=b5:5d:e7:98:54:75 transport=BR_EDR len=15 data=0080ff800080ff8000000000000100
[+26.869] [hid] report: addr=b5:5d:e7:98:54:75 transport=BR_EDR len=15 data=0080ff800080ff8000000000000100
[+26.869] [hid] report: addr=b5:5d:e7:98:54:75 transport=BR_EDR len=15 data=0080ff800080ff8000000000000100
[+26.869] [hid] report: addr=b5:5d:e7:98:54:75 transport=BR_EDR len=15 data=0080ff800080ff8000000000000100
[+26.938] [hid] report: addr=b5:5d:e7:98:54:75 transport=BR_EDR len=15 data=0080ff800080ff8000000000000100
[+26.938] [hid] report: addr=b5:5d:e7:98:54:75 transport=BR_EDR len=15 data=0080ff800080ff8000000000000100
[+26.938] [hid] report: addr=b5:5d:e7:98:54:75 transport=BR_EDR len=15 data=0080ff800080ff8000000000000000
[+27.005] [hid] report: addr=b5:5d:e7:98:54:75 transport=BR_EDR len=15 data=0080ff800080ff8000000000000000
[+27.005] [hid] report: addr=b5:5d:e7:98:54:75 transport=BR_EDR len=15 data=0080ff800080ff8000000000000000
[+27.005] [hid] report: addr=b5:5d:e7:98:54:75 transport=BR_EDR len=15 data=0080ff800080ff8000000000000000
[+27.073] [hid] report: addr=b5:5d:e7:98:54:75 transport=BR_EDR len=15 data=0080ff800080ff8000000000000000
[+27.073] [hid] report: addr=b5:5d:e7:98:54:75 transport=BR_EDR len=15 data=0080ff800080ff8000000000000000
[+27.073] [hid] report: addr=b5:5d:e7:98:54:75 transport=BR_EDR len=15 data=0080ff800080ff8000000000000000
[+27.140] [hid] report: addr=b5:5d:e7:98:54:75 transport=BR_EDR len=15 data=0080ff800080ff8000000000000000
[+27.140] [hid] report: addr=b5:5d:e7:98:54:75 transport=BR_EDR len=15 data=0080ff800080ff8000000000000000
[+27.140] [hid] report: addr=b5:5d:e7:98:54:75 transport=BR_EDR len=15 data=0080ff800080ff8000000000000000
[+27.208] [hid] report: addr=b5:5d:e7:98:54:75 transport=BR_EDR len=15 data=0080ff800080ff8000000000010000
[+27.208] [hid] report: addr=b5:5d:e7:98:54:75 transport=BR_EDR len=15 data=0080ff800080ff8000000000010000
[+27.208] [hid] report: addr=b5:5d:e7:98:54:75 transport=BR_EDR len=15 data=0080ff800080ff8000000000010000
[+27.275] [hid] report: addr=b5:5d:e7:98:54:75 transport=BR_EDR len=15 data=007fff800080ff8000000000010000
[+27.275] [hid] report: addr=b5:5d:e7:98:54:75 transport=BR_EDR len=15 data=007fff800080ff8000000000010000
[+27.275] [hid] report: addr=b5:5d:e7:98:54:75 transport=BR_EDR len=15 data=007fff800080ff8000000000010000
[+27.343] [hid] report: addr=b5:5d:e7:98:54:75 transport=BR_EDR len=15 data=007fff800080ff8000000000010000
[+27.343] [hid] report: addr=b5:5d:e7:98:54:75 transport=BR_EDR len=15 data=007fff800080ff8000000000010000
[+27.343] [hid] report: addr=b5:5d:e7:98:54:75 transport=BR_EDR len=15 data=007fff800080ff8000000000000000
[+27.410] [hid] report: addr=b5:5d:e7:98:54:75 transport=BR_EDR len=15 data=007fff800080ff8000000000000000
[+27.410] [hid] report: addr=b5:5d:e7:98:54:75 transport=BR_EDR len=15 data=007fff800080ff8000000000000000
[+27.410] [hid] report: addr=b5:5d:e7:98:54:75 transport=BR_EDR len=15 data=007fff800080ff8000000000000000
[+27.478] [hid] report: addr=b5:5d:e7:98:54:75 transport=BR_EDR len=15 data=007fff800080ff8000000000000000
[+27.478] [hid] report: addr=b5:5d:e7:98:54:75 transport=BR_EDR len=15 data=007fff800080ff8000000000000000
[+27.478] [hid] report: addr=b5:5d:e7:98:54:75 transport=BR_EDR len=15 data=007fff800080ff8000000000000200
[+27.545] [hid] report: addr=b5:5d:e7:98:54:75 transport=BR_EDR len=15 data=007fff800080ff8000000000000200
[+27.545] [hid] report: addr=b5:5d:e7:98:54:75 transport=BR_EDR len=15 data=007fff800080ff8000000000000200
[+27.545] [hid] report: addr=b5:5d:e7:98:54:75 transport=BR_EDR len=15 data=007fff800080ff8000000000000200
[+27.613] [hid] report: addr=b5:5d:e7:98:54:75 transport=BR_EDR len=15 data=007fff800080ff8000000000000200
[+27.613] [hid] report: addr=b5:5d:e7:98:54:75 transport=BR_EDR len=15 data=007fff800080ff8000000000000200
[+27.613] [hid] report: addr=b5:5d:e7:98:54:75 transport=BR_EDR len=15 data=007fff800080ff8000000000000200
[+27.680] [hid] report: addr=b5:5d:e7:98:54:75 transport=BR_EDR len=15 data=007fff800080ff8000000000000000
[+27.680] [hid] report: addr=b5:5d:e7:98:54:75 transport=BR_EDR len=15 data=007fff800080ff8000000000000000
[+27.680] [hid] report: addr=b5:5d:e7:98:54:75 transport=BR_EDR len=15 data=007fff800080ff8000000000000000
[+27.748] [hid] report: addr=b5:5d:e7:98:54:75 transport=BR_EDR len=15 data=007fff800080ff8000000000000000
[+27.748] [hid] report: addr=b5:5d:e7:98:54:75 transport=BR_EDR len=15 data=007fff800080ff8000000000000000
[+27.748] [hid] report: addr=b5:5d:e7:98:54:75 transport=BR_EDR len=15 data=007fff800080ff8000000000000000
[+27.815] [hid] report: addr=b5:5d:e7:98:54:75 transport=BR_EDR len=15 data=007fff800080ff8000000000000000
[+27.815] [hid] report: addr=b5:5d:e7:98:54:75 transport=BR_EDR len=15 data=007fff800080ff8000000000000000
[+27.815] [hid] report: addr=b5:5d:e7:98:54:75 transport=BR_EDR len=15 data=007fff800080ff8000000000000000
[+27.883] [hid] report: addr=b5:5d:e7:98:54:75 transport=BR_EDR len=15 data=007fff800080ff8000000000070000
[+27.883] [hid] report: addr=b5:5d:e7:98:54:75 transport=BR_EDR len=15 data=007fff800080ff8000000000070000
[+27.883] [hid] report: addr=b5:5d:e7:98:54:75 transport=BR_EDR len=15 data=007fff800080ff8000000000070000
[+27.950] [hid] report: addr=b5:5d:e7:98:54:75 transport=BR_EDR len=15 data=007fff800080ff8000000000070000
[+27.950] [hid] report: addr=b5:5d:e7:98:54:75 transport=BR_EDR len=15 data=007fff800080ff8000000000070000
[+27.950] [hid] report: addr=b5:5d:e7:98:54:75 transport=BR_EDR len=15 data=007fff800080ff8000000000070000
[+28.018] [hid] report: addr=b5:5d:e7:98:54:75 transport=BR_EDR len=15 data=007fff800080ff8000000000000000
[+28.018] [hid] report: addr=b5:5d:e7:98:54:75 transport=BR_EDR len=15 data=007fff800080ff8000000000000000
[+28.018] [hid] report: addr=b5:5d:e7:98:54:75 transport=BR_EDR len=15 data=007fff800080ff8000000000000000
[+28.085] [hid] report: addr=b5:5d:e7:98:54:75 transport=BR_EDR len=15 data=007fff800080ff8000000000000000
[+28.085] [hid] report: addr=b5:5d:e7:98:54:75 transport=BR_EDR len=15 data=007fff800080ff8000000000000000
[+28.085] [hid] report: addr=b5:5d:e7:98:54:75 transport=BR_EDR len=15 data=007fff800080ff8000000000000000
[+28.153] [hid] report: addr=b5:5d:e7:98:54:75 transport=BR_EDR len=15 data=007fff800080ff8000000000000000
[+28.153] [hid] report: addr=b5:5d:e7:98:54:75 transport=BR_EDR len=15 data=007fff800080ff8000000000000000
[+28.153] [hid] report: addr=b5:5d:e7:98:54:75 transport=BR_EDR len=15 data=007fff800080ff8000000000000000
[+28.220] [hid] report: addr=b5:5d:e7:98:54:75 transport=BR_EDR len=15 data=007fff800080ff8000000000000000
[+28.220] [hid] report: addr=b5:5d:e7:98:54:75 transport=BR_EDR len=15 data=007fff800080ff8000000000000100
[+28.220] [hid] report: addr=b5:5d:e7:98:54:75 transport=BR_EDR len=15 data=007fff800080ff8000000000000100
[+28.288] [hid] report: addr=b5:5d:e7:98:54:75 transport=BR_EDR len=15 data=007fff800080ff8000000000000100
[+28.288] [hid] report: addr=b5:5d:e7:98:54:75 transport=BR_EDR len=15 data=007fff800080ff8000000000000100
[+28.288] [hid] report: addr=b5:5d:e7:98:54:75 transport=BR_EDR len=15 data=007fff800080ff8000000000000100
[+28.355] [hid] report: addr=b5:5d:e7:98:54:75 transport=BR_EDR len=15 data=007fff800080ff8000000000000100
[+28.355] [hid] report: addr=b5:5d:e7:98:54:75 transport=BR_EDR len=15 data=007fff800080ff8000000000000100
[+28.355] [hid] report: addr=b5:5d:e7:98:54:75 transport=BR_EDR len=15 data=007fff800080ff8000000000000100
[+28.423] [hid] report: addr=b5:5d:e7:98:54:75 transport=BR_EDR len=15 data=007fff800080ff8000000000000000
[+28.423] [hid] report: addr=b5:5d:e7:98:54:75 transport=BR_EDR len=15 data=007fff800080ff8000000000000000
[+28.423] [hid] report: addr=b5:5d:e7:98:54:75 transport=BR_EDR len=15 data=007fff800080ff8000000000000000
[+28.490] [hid] report: addr=b5:5d:e7:98:54:75 transport=BR_EDR len=15 data=007fff800080ff8000000000000000
[+28.490] [hid] report: addr=b5:5d:e7:98:54:75 transport=BR_EDR len=15 data=007fff800080ff8000000000000000
[+28.490] [hid] report: addr=b5:5d:e7:98:54:75 transport=BR_EDR len=15 data=007fff800080ff8000000000000000
[+28.558] [hid] report: addr=b5:5d:e7:98:54:75 transport=BR_EDR len=15 data=007fff800080ff8000000000000000
[+28.558] [hid] report: addr=b5:5d:e7:98:54:75 transport=BR_EDR len=15 data=007fff800080ff8000000000010000
[+28.558] [hid] report: addr=b5:5d:e7:98:54:75 transport=BR_EDR len=15 data=0080ff800080ff8000000000010000
[+28.624] [hid] report: addr=b5:5d:e7:98:54:75 transport=BR_EDR len=15 data=007fff800080ff8000000000010000
[+28.624] [hid] report: addr=b5:5d:e7:98:54:75 transport=BR_EDR len=15 data=007fff800080ff8000000000010000
[+28.624] [hid] report: addr=b5:5d:e7:98:54:75 transport=BR_EDR len=15 data=007fff800080ff8000000000010000
[+28.693] [hid] report: addr=b5:5d:e7:98:54:75 transport=BR_EDR len=15 data=007fff800080ff8000000000010000
[+28.693] [hid] report: addr=b5:5d:e7:98:54:75 transport=BR_EDR len=15 data=007fff7f0080ff8000000000010000
[+28.693] [hid] report: addr=b5:5d:e7:98:54:75 transport=BR_EDR len=15 data=007fff7f0080ff8000000000000000
[+28.760] [hid] report: addr=b5:5d:e7:98:54:75 transport=BR_EDR len=15 data=007fff7f0080ff8000000000000000
[+28.760] [hid] report: addr=b5:5d:e7:98:54:75 transport=BR_EDR len=15 data=007fff7f0080ff8000000000000000
[+28.760] [hid] report: addr=b5:5d:e7:98:54:75 transport=BR_EDR len=15 data=007fff7f0080ff8000000000000000
[+28.828] [hid] report: addr=b5:5d:e7:98:54:75 transport=BR_EDR len=15 data=007fff800080ff8000000000000000
[+28.828] [hid] report: addr=b5:5d:e7:98:54:75 transport=BR_EDR len=15 data=007fff800080ff8000000000000000
[+28.828] [hid] report: addr=b5:5d:e7:98:54:75 transport=BR_EDR len=15 data=007fff800080ff8000000000000000
[+28.895] [hid] report: addr=b5:5d:e7:98:54:75 transport=BR_EDR len=15 data=007fff800080ff8000000000000200
[+28.895] [hid] report: addr=b5:5d:e7:98:54:75 transport=BR_EDR len=15 data=007fff800080ff8000000000000200
[+28.895] [hid] report: addr=b5:5d:e7:98:54:75 transport=BR_EDR len=15 data=007fff800080ff8000000000000200
[+28.963] [hid] report: addr=b5:5d:e7:98:54:75 transport=BR_EDR len=15 data=007fff800080ff8000000000000200
[+28.963] [hid] report: addr=b5:5d:e7:98:54:75 transport=BR_EDR len=15 data=007fff800080ff8000000000000200
[+28.963] [hid] report: addr=b5:5d:e7:98:54:75 transport=BR_EDR len=15 data=007fff800080ff8000000000000200
[+29.029] [hid] report: addr=b5:5d:e7:98:54:75 transport=BR_EDR len=15 data=007fff800080ff8000000000000200
[+29.029] [hid] report: addr=b5:5d:e7:98:54:75 transport=BR_EDR len=15 data=007fff800080ff8000000000000200
[+29.029] [hid] report: addr=b5:5d:e7:98:54:75 transport=BR_EDR len=15 data=007fff800080ff8000000000000000
[+29.098] [hid] report: addr=b5:5d:e7:98:54:75 transport=BR_EDR len=15 data=007fff800080ff8000000000000000
[+29.098] [hid] report: addr=b5:5d:e7:98:54:75 transport=BR_EDR len=15 data=007fff800080ff8000000000000000
[+29.098] [hid] report: addr=b5:5d:e7:98:54:75 transport=BR_EDR len=15 data=007fff800080ff8000000000000000
[+29.164] [hid] report: addr=b5:5d:e7:98:54:75 transport=BR_EDR len=15 data=007fff800080ff8000000000000000
[+29.164] [hid] report: addr=b5:5d:e7:98:54:75 transport=BR_EDR len=15 data=007fff800080ff8000000000000000
[+29.164] [hid] report: addr=b5:5d:e7:98:54:75 transport=BR_EDR len=15 data=007fff800080ff8000000000000000
[+29.233] [hid] report: addr=b5:5d:e7:98:54:75 transport=BR_EDR len=15 data=007fff800080ff8000000000000000
[+29.233] [hid] report: addr=b5:5d:e7:98:54:75 transport=BR_EDR len=15 data=007fff800080ff8000000000000000
[+29.233] [hid] report: addr=b5:5d:e7:98:54:75 transport=BR_EDR len=15 data=007fff800080ff8000000000000000
[+29.301] [hid] report: addr=b5:5d:e7:98:54:75 transport=BR_EDR len=15 data=007fff800080ff8000000000000000
[+29.301] [hid] report: addr=b5:5d:e7:98:54:75 transport=BR_EDR len=15 data=007fff800080ff8000000000000000
[+29.301] BLE: 60:b0:2b:ef:a3:33, RSSI: -64, UUID: 0x0000, APPEARANCE: 0x0000, ADDR_TYPE: 'PUBLIC', NAME: 'U-ACGA332'
[+29.301] BLE: 60:b0:2b:89:dd:ed, RSSI: -69, UUID: 0x0000, APPEARANCE: 0x0000, ADDR_TYPE: 'PUBLIC', NAME: 'U-ACGDDEC'
[+29.370] [hid] report: addr=b5:5d:e7:98:54:75 transport=BR_EDR len=15 data=007fff800080ff8000000000050000
[+29.436] [hid] report: addr=b5:5d:e7:98:54:75 transport=BR_EDR len=15 data=007fff800080ff8000000000050000
[+29.436] [hid] report: addr=b5:5d:e7:98:54:75 transport=BR_EDR len=15 data=007fff800080ff8000000000050000
[+29.436] [hid] report: addr=b5:5d:e7:98:54:75 transport=BR_EDR len=15 data=007fff800080ff8000000000050000
[+29.537] [hid] report: addr=b5:5d:e7:98:54:75 transport=BR_EDR len=15 data=007fff800080ff8000000000000000
[+29.537] [hid] report: addr=b5:5d:e7:98:54:75 transport=BR_EDR len=15 data=007fff800080ff8000000000000000
[+29.537] [hid] report: addr=b5:5d:e7:98:54:75 transport=BR_EDR len=15 data=007fff800080ff8000000000000000
[+29.639] [hid] report: addr=b5:5d:e7:98:54:75 transport=BR_EDR len=15 data=007fff800080ff8000000000000000
[+29.639] [hid] report: addr=b5:5d:e7:98:54:75 transport=BR_EDR len=15 data=007fff800080ff8000000000000000
[+29.639] [hid] report: addr=b5:5d:e7:98:54:75 transport=BR_EDR len=15 data=007fff800080ff8000000000000000
[+29.691] BLE: c1:4c:63:27:5f:a5, RSSI: -94, UUID: 0x0000, APPEARANCE: 0x0000, ADDR_TYPE: 'PUBLIC'
[+29.691] BLE: 52:c1:31:f5:39:05, RSSI: -64, UUID: 0xfdaa, APPEARANCE: 0x0000, ADDR_TYPE: 'RANDOM'
[+29.742] [hid] report: addr=b5:5d:e7:98:54:75 transport=BR_EDR len=15 data=007fff800080ff8000000000000100
[+29.742] [hid] report: addr=b5:5d:e7:98:54:75 transport=BR_EDR len=15 data=007fff800080ff8000000000000100
[+29.742] [hid] report: addr=b5:5d:e7:98:54:75 transport=BR_EDR len=15 data=007fff800080ff8000000000000100
[+29.841] [hid] report: addr=b5:5d:e7:98:54:75 transport=BR_EDR len=15 data=007fff800080ff8000000000000100
[+29.841] [hid] report: addr=b5:5d:e7:98:54:75 transport=BR_EDR len=15 data=007fff800080ff8000000000000100
[+29.841] [hid] report: addr=b5:5d:e7:98:54:75 transport=BR_EDR len=15 data=007fff800080ff8000000000000000
[+29.942] [hid] report: addr=b5:5d:e7:98:54:75 transport=BR_EDR len=15 data=007fff800080ff8000000000000000
[+29.942] [hid] report: addr=b5:5d:e7:98:54:75 transport=BR_EDR len=15 data=007fff800080ff8000000000000000
[+29.942] [hid] report: addr=b5:5d:e7:98:54:75 transport=BR_EDR len=15 data=007fff800080ff8000000000000000
[+30.043] [hid] report: addr=b5:5d:e7:98:54:75 transport=BR_EDR len=15 data=007fff800080ff8000000000000000
[+30.043] [hid] report: addr=b5:5d:e7:98:54:75 transport=BR_EDR len=15 data=007fff800080ff8000000000000000
[+30.043] [hid] report: addr=b5:5d:e7:98:54:75 transport=BR_EDR len=15 data=007fff800080ff8000000000000000
[+30.145] [hid] report: addr=b5:5d:e7:98:54:75 transport=BR_EDR len=15 data=007fff800080ff8000000000010000
[+30.145] [hid] report: addr=b5:5d:e7:98:54:75 transport=BR_EDR len=15 data=007fff800080ff8000000000010000
[+30.145] [hid] report: addr=b5:5d:e7:98:54:75 transport=BR_EDR len=15 data=007fff800080ff8000000000010000
[+30.245] [hid] report: addr=b5:5d:e7:98:54:75 transport=BR_EDR len=15 data=007fff800080ff8000000000010000
[+30.245] [hid] report: addr=b5:5d:e7:98:54:75 transport=BR_EDR len=15 data=007fff800080ff8000000000010000
[+30.245] [hid] report: addr=b5:5d:e7:98:54:75 transport=BR_EDR len=15 data=007fff800080ff8000000000000000
[+30.314] [hid] report: addr=b5:5d:e7:98:54:75 transport=BR_EDR len=15 data=007fff800080ff8000000000000000
[+30.314] [hid] report: addr=b5:5d:e7:98:54:75 transport=BR_EDR len=15 data=007fff800080ff8000000000000000
[+30.380] [hid] report: addr=b5:5d:e7:98:54:75 transport=BR_EDR len=15 data=007fff800080ff8000000000000000
[+30.380] [hid] report: addr=b5:5d:e7:98:54:75 transport=BR_EDR len=15 data=007fff800080ff8000000000000200
[+30.431] [hid] report: addr=b5:5d:e7:98:54:75 transport=BR_EDR len=15 data=007fff800080ff8000000000000200
[+30.481] [hid] report: addr=b5:5d:e7:98:54:75 transport=BR_EDR len=15 data=007fff800080ff8000000000000200
[+30.481] [hid] report: addr=b5:5d:e7:98:54:75 transport=BR_EDR len=15 data=007fff800080ff8000000000000200
[+30.532] [hid] report: addr=b5:5d:e7:98:54:75 transport=BR_EDR len=15 data=007fff800080ff8000000000000200
[+30.585] [hid] report: addr=b5:5d:e7:98:54:75 transport=BR_EDR len=15 data=007fff800080ff8000000000000000
[+30.585] [hid] report: addr=b5:5d:e7:98:54:75 transport=BR_EDR len=15 data=007fff800080ff8000000000000000
[+30.585] [hid] report: addr=b5:5d:e7:98:54:75 transport=BR_EDR len=15 data=007fff800080ff8000000000000000
[+30.684] [hid] report: addr=b5:5d:e7:98:54:75 transport=BR_EDR len=15 data=007fff800080ff8000000000000000
[+30.684] [hid] report: addr=b5:5d:e7:98:54:75 transport=BR_EDR len=15 data=007fff800080ff8000000000000000
[+30.734] [hid] report: addr=b5:5d:e7:98:54:75 transport=BR_EDR len=15 data=007fff800080ff8000000000000000
[+30.787] [hid] report: addr=b5:5d:e7:98:54:75 transport=BR_EDR len=15 data=007fff800080ff8000000000000000
[+30.787] [hid] report: addr=b5:5d:e7:98:54:75 transport=BR_EDR len=15 data=007fff800080ff8000000000000000
[+30.787] [hid] report: addr=b5:5d:e7:98:54:75 transport=BR_EDR len=15 data=007fff800080ff8000000000000000
[+30.886] [hid] report: addr=b5:5d:e7:98:54:75 transport=BR_EDR len=15 data=007fff800080ff8000000000050000
[+30.886] [hid] report: addr=b5:5d:e7:98:54:75 transport=BR_EDR len=15 data=007fff800080ff8000000000050000
[+30.937] [hid] report: addr=b5:5d:e7:98:54:75 transport=BR_EDR len=15 data=007fff800080ff8000000000050000
[+30.987] [hid] report: addr=b5:5d:e7:98:54:75 transport=BR_EDR len=15 data=007fff800080ff8000000000050000
[+30.987] [hid] report: addr=b5:5d:e7:98:54:75 transport=BR_EDR len=15 data=007fff800080ff8000000000000000
[+31.038] [hid] report: addr=b5:5d:e7:98:54:75 transport=BR_EDR len=15 data=007fff800080ff8000000000000000
[+31.088] [hid] report: addr=b5:5d:e7:98:54:75 transport=BR_EDR len=15 data=007fff800080ff8000000000000000
[+31.088] [hid] report: addr=b5:5d:e7:98:54:75 transport=BR_EDR len=15 data=007fff800080ff8000000000000000
[+31.139] [hid] report: addr=b5:5d:e7:98:54:75 transport=BR_EDR len=15 data=007fff800080ff8000000000000000
[+31.192] [hid] report: addr=b5:5d:e7:98:54:75 transport=BR_EDR len=15 data=007fff800080ff8000000000000000
[+31.192] [hid] report: addr=b5:5d:e7:98:54:75 transport=BR_EDR len=15 data=007fff800080ff8000000000000100
[+31.192] [hid] report: addr=b5:5d:e7:98:54:75 transport=BR_EDR len=15 data=007fff800080ff8000000000000100
[+31.291] [hid] report: addr=b5:5d:e7:98:54:75 transport=BR_EDR len=15 data=007fff800080ff8000000000000100
[+31.291] [hid] report: addr=b5:5d:e7:98:54:75 transport=BR_EDR len=15 data=007fff800080ff8000000000000100
[+31.342] [hid] report: addr=b5:5d:e7:98:54:75 transport=BR_EDR len=15 data=007fff800080ff8000000000000000
[+31.392] [hid] report: addr=b5:5d:e7:98:54:75 transport=BR_EDR len=15 data=007fff800080ff8000000000000000
[+31.392] [hid] report: addr=b5:5d:e7:98:54:75 transport=BR_EDR len=15 data=007fff800080ff8000000000000000
[+31.392] [hid] report: addr=b5:5d:e7:98:54:75 transport=BR_EDR len=15 data=007fff800080ff8000000000000000
[+31.493] [hid] report: addr=b5:5d:e7:98:54:75 transport=BR_EDR len=15 data=007fff800080ff8000000000000000
[+31.493] [hid] report: addr=b5:5d:e7:98:54:75 transport=BR_EDR len=15 data=007fff800080ff8000000000050000
[+31.544] [hid] report: addr=b5:5d:e7:98:54:75 transport=BR_EDR len=15 data=007fff800080ff8000000000050000
[+31.595] [hid] report: addr=b5:5d:e7:98:54:75 transport=BR_EDR len=15 data=007fff800080ff8000000000050000
[+31.595] [hid] report: addr=b5:5d:e7:98:54:75 transport=BR_EDR len=15 data=007fff800080ff8000000000050000
[+31.646] [hid] report: addr=b5:5d:e7:98:54:75 transport=BR_EDR len=15 data=007fff800080ff8000000000000000
[+31.646] [hid] report: addr=b5:5d:e7:98:54:75 transport=BR_EDR len=15 data=007fff800080ff8000000000000000
[+31.731] [hid] report: addr=b5:5d:e7:98:54:75 transport=BR_EDR len=15 data=007fff800080ff8000000000000000
[+31.731] [hid] report: addr=b5:5d:e7:98:54:75 transport=BR_EDR len=15 data=007fff800080ff8000000000000000
[+31.731] [hid] report: addr=b5:5d:e7:98:54:75 transport=BR_EDR len=15 data=007fff800080ff8000000000000000
[+31.832] [hid] report: addr=b5:5d:e7:98:54:75 transport=BR_EDR len=15 data=007fff800080ff8000000000050000
[+31.832] [hid] report: addr=b5:5d:e7:98:54:75 transport=BR_EDR len=15 data=007fff800080ff8000000000050000
[+31.832] [hid] report: addr=b5:5d:e7:98:54:75 transport=BR_EDR len=15 data=007fff800080ff8000000000050000
[+31.932] [hid] report: addr=b5:5d:e7:98:54:75 transport=BR_EDR len=15 data=007fff800080ff8000000000000000
[+31.932] [hid] report: addr=b5:5d:e7:98:54:75 transport=BR_EDR len=15 data=007fff800080ff8000000000000000
[+31.932] [hid] report: addr=b5:5d:e7:98:54:75 transport=BR_EDR len=15 data=007fff800080ff8000000000000000
[+32.034] [hid] report: addr=b5:5d:e7:98:54:75 transport=BR_EDR len=15 data=007fff800080ff8000000000000100
[+32.034] [hid] report: addr=b5:5d:e7:98:54:75 transport=BR_EDR len=15 data=007fff800080ff8000000000000100
[+32.034] [hid] report: addr=b5:5d:e7:98:54:75 transport=BR_EDR len=15 data=007fff800080ff8000000000000100
[+32.136] [hid] report: addr=b5:5d:e7:98:54:75 transport=BR_EDR len=15 data=007fff800080ff8000000000000100
[+32.136] [hid] report: addr=b5:5d:e7:98:54:75 transport=BR_EDR len=15 data=007fff800080ff8000000000000000
[+32.136] [hid] report: addr=b5:5d:e7:98:54:75 transport=BR_EDR len=15 data=007fff800080ff8000000000000000
[+32.237] [hid] report: addr=b5:5d:e7:98:54:75 transport=BR_EDR len=15 data=007fff800080ff8000000000050000
[+32.237] [hid] report: addr=b5:5d:e7:98:54:75 transport=BR_EDR len=15 data=007fff800080ff8000000000050000
[+32.237] [hid] report: addr=b5:5d:e7:98:54:75 transport=BR_EDR len=15 data=007fff800080ff8000000000050000
[+32.338] [hid] report: addr=b5:5d:e7:98:54:75 transport=BR_EDR len=15 data=007fff800080ff8000000000000000
[+32.338] [hid] report: addr=b5:5d:e7:98:54:75 transport=BR_EDR len=15 data=007fff800080ff8000000000000000
[+32.338] [hid] report: addr=b5:5d:e7:98:54:75 transport=BR_EDR len=15 data=007fff800080ff8000000000000000
[+32.440] [hid] report: addr=b5:5d:e7:98:54:75 transport=BR_EDR len=15 data=007fff800080ff8000000000000000
[+32.440] [hid] report: addr=b5:5d:e7:98:54:75 transport=BR_EDR len=15 data=007fff800080ff8000000000000100
[+32.440] [hid] report: addr=b5:5d:e7:98:54:75 transport=BR_EDR len=15 data=007fff800080ff8000000000000100
[+32.540] [hid] report: addr=b5:5d:e7:98:54:75 transport=BR_EDR len=15 data=007fff800080ff8000000000050100
[+32.540] [hid] report: addr=b5:5d:e7:98:54:75 transport=BR_EDR len=15 data=007fff800080ff8000000000050100
[+32.540] [hid] report: addr=b5:5d:e7:98:54:75 transport=BR_EDR len=15 data=007fff800080ff8000000000050100
[+32.642] [hid] report: addr=b5:5d:e7:98:54:75 transport=BR_EDR len=15 data=007fff800080ff8000000000000000
[+32.642] [hid] report: addr=b5:5d:e7:98:54:75 transport=BR_EDR len=15 data=007fff800080ff8000000000000000
[+32.642] [hid] report: addr=b5:5d:e7:98:54:75 transport=BR_EDR len=15 data=007fff800080ff8000000000000000
[+32.743] [hid] report: addr=b5:5d:e7:98:54:75 transport=BR_EDR len=15 data=007fff800080ff8000000000050000
[+32.743] [hid] report: addr=b5:5d:e7:98:54:75 transport=BR_EDR len=15 data=007fff800080ff8000000000050000
[+32.743] [hid] report: addr=b5:5d:e7:98:54:75 transport=BR_EDR len=15 data=007fff7f0080ff8000000000050000
[+32.845] [hid] report: addr=b5:5d:e7:98:54:75 transport=BR_EDR len=15 data=007fff7f0080ff8000000000000000
[+32.845] [hid] report: addr=b5:5d:e7:98:54:75 transport=BR_EDR len=15 data=007fff7f0080ff8000000000000000
[+32.845] [hid] report: addr=b5:5d:e7:98:54:75 transport=BR_EDR len=15 data=007fff7f0080ff8000000000000100
[+32.946] [hid] report: addr=b5:5d:e7:98:54:75 transport=BR_EDR len=15 data=007fff7f0080ff8000000000000100
[+32.946] [hid] report: addr=b5:5d:e7:98:54:75 transport=BR_EDR len=15 data=007fff7f0080ff8000000000000100
[+32.946] [hid] report: addr=b5:5d:e7:98:54:75 transport=BR_EDR len=15 data=007fff7f0080ff8000000000000100
[+33.014] [hid] report: addr=b5:5d:e7:98:54:75 transport=BR_EDR len=15 data=007fff7f0080ff8000000000000000
[+33.014] [hid] report: addr=b5:5d:e7:98:54:75 transport=BR_EDR len=15 data=007fff7f0080ff8000000000000000
[+33.080] [hid] report: addr=b5:5d:e7:98:54:75 transport=BR_EDR len=15 data=007fff7f0080ff8000000000050000
[+33.080] [hid] report: addr=b5:5d:e7:98:54:75 transport=BR_EDR len=15 data=007fff7f0080ff8000000000050000
[+33.131] [hid] report: addr=b5:5d:e7:98:54:75 transport=BR_EDR len=15 data=007fff7f0080ff8000000000050000
[+33.183] [hid] report: addr=b5:5d:e7:98:54:75 transport=BR_EDR len=15 data=007fff7f0080ff8000000000050000
[+33.183] [hid] report: addr=b5:5d:e7:98:54:75 transport=BR_EDR len=15 data=007fff7f0080ff8000000000000000
[+33.183] [hid] report: addr=b5:5d:e7:98:54:75 transport=BR_EDR len=15 data=007fff7f0080ff8000000000000000
[+33.282] [hid] report: addr=b5:5d:e7:98:54:75 transport=BR_EDR len=15 data=007fff7f0080ff8000000000000000
[+33.282] [hid] report: addr=b5:5d:e7:98:54:75 transport=BR_EDR len=15 data=007fff7f0080ff8000000000000100
[+33.333] [hid] report: addr=b5:5d:e7:98:54:75 transport=BR_EDR len=15 data=007fff7f0080ff8000000000000100
[+33.384] [hid] report: addr=b5:5d:e7:98:54:75 transport=BR_EDR len=15 data=007fff7f0080ff8000000000000100
[+33.384] [hid] report: addr=b5:5d:e7:98:54:75 transport=BR_EDR len=15 data=007fff7f0080ff8000000000000100
[+33.434] [hid] report: addr=b5:5d:e7:98:54:75 transport=BR_EDR len=15 data=007fff7f0080ff8000000000000100
[+33.485] [hid] report: addr=b5:5d:e7:98:54:75 transport=BR_EDR len=15 data=007fff7f0080ff8000000000000000
[+33.485] [hid] report: addr=b5:5d:e7:98:54:75 transport=BR_EDR len=15 data=007fff7f0080ff8000000000000000
[+33.536] [hid] report: addr=b5:5d:e7:98:54:75 transport=BR_EDR len=15 data=007fff7f0080ff8000000000000000
[+33.586] [hid] report: addr=b5:5d:e7:98:54:75 transport=BR_EDR len=15 data=007fff7f0080ff8000000000000000
[+33.586] [hid] report: addr=b5:5d:e7:98:54:75 transport=BR_EDR len=15 data=007fff7f0080ff8000000000000000
[+33.637] [hid] report: addr=b5:5d:e7:98:54:75 transport=BR_EDR len=15 data=007fff7f0080ff8000000000000000
[+33.687] [hid] report: addr=b5:5d:e7:98:54:75 transport=BR_EDR len=15 data=007fff7f0080ff8000000000000000
[+33.687] [hid] report: addr=b5:5d:e7:98:54:75 transport=BR_EDR len=15 data=007fff7f0080ff8000000000000000
[+33.738] [hid] report: addr=b5:5d:e7:98:54:75 transport=BR_EDR len=15 data=007fff7f0080ff8000000000000000
[+33.788] [hid] report: addr=b5:5d:e7:98:54:75 transport=BR_EDR len=15 data=007fff7f0080ff8000000000000000
[+33.788] [hid] report: addr=b5:5d:e7:98:54:75 transport=BR_EDR len=15 data=007fff7f0080ff8000000000000000
[+33.839] [hid] report: addr=b5:5d:e7:98:54:75 transport=BR_EDR len=15 data=007fff7f0080ff8000000000000000
[+33.890] [hid] report: addr=b5:5d:e7:98:54:75 transport=BR_EDR len=15 data=007fff7f0080ff8000000000000000
[+33.890] [hid] report: addr=b5:5d:e7:98:54:75 transport=BR_EDR len=15 data=007fff7f0080ff8000000000000000
[+33.890] [hid] report: addr=b5:5d:e7:98:54:75 transport=BR_EDR len=15 data=007fff7f0080ff8000000000000000
[+33.992] [hid] report: addr=b5:5d:e7:98:54:75 transport=BR_EDR len=15 data=007fff7f0080ff8000000000070000
[+33.992] [hid] report: addr=b5:5d:e7:98:54:75 transport=BR_EDR len=15 data=007fff7f0080ff8000000000070000
[+33.992] [hid] report: addr=b5:5d:e7:98:54:75 transport=BR_EDR len=15 data=007fff7f0080ff8000000000070000
[+34.094] [hid] report: addr=b5:5d:e7:98:54:75 transport=BR_EDR len=15 data=007fff7f0080ff8000000000070000
[+34.094] [hid] report: addr=b5:5d:e7:98:54:75 transport=BR_EDR len=15 data=007fff7f0080ff8000000000070000
[+34.094] [hid] report: addr=b5:5d:e7:98:54:75 transport=BR_EDR len=15 data=007fff7f0080ff8000000000070000
[+34.194] [hid] report: addr=b5:5d:e7:98:54:75 transport=BR_EDR len=15 data=007fff7f0080ff8000000000000000
[+34.194] [hid] report: addr=b5:5d:e7:98:54:75 transport=BR_EDR len=15 data=007fff7f0080ff8000000000000000
[+34.194] [hid] report: addr=b5:5d:e7:98:54:75 transport=BR_EDR len=15 data=007fff7f0080ff8000000000000000
[+34.296] [hid] report: addr=b5:5d:e7:98:54:75 transport=BR_EDR len=15 data=007fff7f0080ff8000000000000000
[+34.296] [hid] report: addr=b5:5d:e7:98:54:75 transport=BR_EDR len=15 data=007fff7f0080ff8000000000000000
[+34.296] [hid] report: addr=b5:5d:e7:98:54:75 transport=BR_EDR len=15 data=007fff7f0080ff8000000000000000
[+34.363] [hid] report: addr=b5:5d:e7:98:54:75 transport=BR_EDR len=15 data=007fff800080ff8000000000000200
[+34.363] [hid] report: addr=b5:5d:e7:98:54:75 transport=BR_EDR len=15 data=007fff800080ff8000000000000200
[+34.363] [hid] report: addr=b5:5d:e7:98:54:75 transport=BR_EDR len=15 data=007fff800080ff8000000000000200
[+34.429] [hid] report: addr=b5:5d:e7:98:54:75 transport=BR_EDR len=15 data=007fff800080ff8000000000000200
[+34.429] [hid] report: addr=b5:5d:e7:98:54:75 transport=BR_EDR len=15 data=007fff800080ff8000000000000200
[+34.429] [hid] report: addr=b5:5d:e7:98:54:75 transport=BR_EDR len=15 data=007fff800080ff8000000000000200
[+34.498] [hid] report: addr=b5:5d:e7:98:54:75 transport=BR_EDR len=15 data=007fff800080ff8000000000000000
[+34.498] [hid] report: addr=b5:5d:e7:98:54:75 transport=BR_EDR len=15 data=007fff800080ff8000000000000000
[+34.498] [hid] report: addr=b5:5d:e7:98:54:75 transport=BR_EDR len=15 data=007fff800080ff8000000000000000
[+34.565] [hid] report: addr=b5:5d:e7:98:54:75 transport=BR_EDR len=15 data=007fff800080ff8000000000000000
[+34.565] [hid] report: addr=b5:5d:e7:98:54:75 transport=BR_EDR len=15 data=007fff800080ff8000000000000000
[+34.565] [hid] report: addr=b5:5d:e7:98:54:75 transport=BR_EDR len=15 data=007fff800080ff8000000000000000
[+34.633] [hid] report: addr=b5:5d:e7:98:54:75 transport=BR_EDR len=15 data=007fff800080ff8000000000000000
[+34.633] [hid] report: addr=b5:5d:e7:98:54:75 transport=BR_EDR len=15 data=007fff800080ff8000000000000000
[+34.633] [hid] report: addr=b5:5d:e7:98:54:75 transport=BR_EDR len=15 data=007fff800080ff8000000000000000
[+34.700] [hid] report: addr=b5:5d:e7:98:54:75 transport=BR_EDR len=15 data=007fff800080ff8000000000000000
[+34.700] [hid] report: addr=b5:5d:e7:98:54:75 transport=BR_EDR len=15 data=007fff800080ff8000000000000000
[+34.700] [hid] report: addr=b5:5d:e7:98:54:75 transport=BR_EDR len=15 data=007fff800080ff8000000000000000
[+34.768] [hid] report: addr=b5:5d:e7:98:54:75 transport=BR_EDR len=15 data=007fff800080ff8000000000030000
[+34.768] [hid] report: addr=b5:5d:e7:98:54:75 transport=BR_EDR len=15 data=007fff800080ff8000000000030000
[+34.768] [hid] report: addr=b5:5d:e7:98:54:75 transport=BR_EDR len=15 data=007fff800080ff8000000000030000
[+34.836] [hid] report: addr=b5:5d:e7:98:54:75 transport=BR_EDR len=15 data=007fff800080ff8000000000030000
[+34.836] [hid] report: addr=b5:5d:e7:98:54:75 transport=BR_EDR len=15 data=007fff800080ff8000000000030000
[+34.836] [hid] report: addr=b5:5d:e7:98:54:75 transport=BR_EDR len=15 data=007fff800080ff8000000000030000
[+34.903] [hid] report: addr=b5:5d:e7:98:54:75 transport=BR_EDR len=15 data=007fff800080ff8000000000030000
[+34.903] [hid] report: addr=b5:5d:e7:98:54:75 transport=BR_EDR len=15 data=007fff800080ff8000000000030000
[+34.903] [hid] report: addr=b5:5d:e7:98:54:75 transport=BR_EDR len=15 data=007fff800080ff8000000000030000
[+34.970] [hid] report: addr=b5:5d:e7:98:54:75 transport=BR_EDR len=15 data=007fff800080ff8000000000000000
[+34.970] [hid] report: addr=b5:5d:e7:98:54:75 transport=BR_EDR len=15 data=007fff800080ff8000000000000000
[+34.970] [hid] report: addr=b5:5d:e7:98:54:75 transport=BR_EDR len=15 data=007fff800080ff8000000000000000
[+35.038] [hid] report: addr=b5:5d:e7:98:54:75 transport=BR_EDR len=15 data=007fff7f0080ff8000000000000000
[+35.038] [hid] report: addr=b5:5d:e7:98:54:75 transport=BR_EDR len=15 data=007fff7f0080ff8000000000000000
[+35.038] [hid] report: addr=b5:5d:e7:98:54:75 transport=BR_EDR len=15 data=007fff7f0080ff8000000000000000
[+35.105] [hid] report: addr=b5:5d:e7:98:54:75 transport=BR_EDR len=15 data=007fff7f0080ff8000000000000000
[+35.105] [hid] report: addr=b5:5d:e7:98:54:75 transport=BR_EDR len=15 data=007fff7f0080ff8000000000000000
[+35.105] [hid] report: addr=b5:5d:e7:98:54:75 transport=BR_EDR len=15 data=007fff7f0080ff8000000000000000
[+35.173] [hid] report: addr=b5:5d:e7:98:54:75 transport=BR_EDR len=15 data=007fff7f0080ff8000000000000000
[+35.173] [hid] report: addr=b5:5d:e7:98:54:75 transport=BR_EDR len=15 data=007fff7f0080ff8000000000000000
[+35.173] [hid] report: addr=b5:5d:e7:98:54:75 transport=BR_EDR len=15 data=007fff7f0080ff8000000000000000
[+35.240] [hid] report: addr=b5:5d:e7:98:54:75 transport=BR_EDR len=15 data=007fff800080ff8000000000000000
[+35.240] [hid] report: addr=b5:5d:e7:98:54:75 transport=BR_EDR len=15 data=007fff800080ff8000000000000000
[+35.240] [hid] report: addr=b5:5d:e7:98:54:75 transport=BR_EDR len=15 data=007fff800080ff8000000000000000
[+35.308] [hid] report: addr=b5:5d:e7:98:54:75 transport=BR_EDR len=15 data=007fff800080ff8000000000000000
[+35.308] [hid] report: addr=b5:5d:e7:98:54:75 transport=BR_EDR len=15 data=007fff800080ff8000000000000000
[+35.308] [hid] report: addr=b5:5d:e7:98:54:75 transport=BR_EDR len=15 data=007fff800080ff8000000000000000
[+35.375] [hid] report: addr=b5:5d:e7:98:54:75 transport=BR_EDR len=15 data=007fff800080ff8000000000000000
[+35.375] [hid] report: addr=b5:5d:e7:98:54:75 transport=BR_EDR len=15 data=007fff800080ff8000000000000000
[+35.375] [hid] report: addr=b5:5d:e7:98:54:75 transport=BR_EDR len=15 data=007fff800080ff8000000000030000
[+35.443] [hid] report: addr=b5:5d:e7:98:54:75 transport=BR_EDR len=15 data=007fff800080ff8000000000030000
[+35.443] [hid] report: addr=b5:5d:e7:98:54:75 transport=BR_EDR len=15 data=007fff800080ff8000000000030000
[+35.443] [hid] report: addr=b5:5d:e7:98:54:75 transport=BR_EDR len=15 data=007fff800080ff8000000000030000
[+35.510] [hid] report: addr=b5:5d:e7:98:54:75 transport=BR_EDR len=15 data=007fff800080ff8000000000030000
[+35.510] [hid] report: addr=b5:5d:e7:98:54:75 transport=BR_EDR len=15 data=007fff800080ff8000000000030000
[+35.510] [hid] report: addr=b5:5d:e7:98:54:75 transport=BR_EDR len=15 data=007fff800080ff8000000000030000
[+35.578] [hid] report: addr=b5:5d:e7:98:54:75 transport=BR_EDR len=15 data=007fff800080ff8000000000000000
[+35.578] [hid] report: addr=b5:5d:e7:98:54:75 transport=BR_EDR len=15 data=007fff800080ff8000000000000000
[+35.578] [hid] report: addr=b5:5d:e7:98:54:75 transport=BR_EDR len=15 data=007fff800080ff8000000000000000
[+35.645] [hid] report: addr=b5:5d:e7:98:54:75 transport=BR_EDR len=15 data=007fff800080ff8000000000000000
[+35.645] [hid] report: addr=b5:5d:e7:98:54:75 transport=BR_EDR len=15 data=007fff800080ff8000000000000000
[+35.645] [hid] report: addr=b5:5d:e7:98:54:75 transport=BR_EDR len=15 data=007fff800080ff8000000000000000
[+35.713] [hid] report: addr=b5:5d:e7:98:54:75 transport=BR_EDR len=15 data=007fff800080ff8000000000000000
[+35.713] [hid] report: addr=b5:5d:e7:98:54:75 transport=BR_EDR len=15 data=007fff800080ff8000000000000000
[+35.713] [hid] report: addr=b5:5d:e7:98:54:75 transport=BR_EDR len=15 data=007fff800080ff8000000000000000
[+35.780] [hid] report: addr=b5:5d:e7:98:54:75 transport=BR_EDR len=15 data=007fff800080ff8000000000000000
[+35.780] [hid] report: addr=b5:5d:e7:98:54:75 transport=BR_EDR len=15 data=007fff800080ff8000000000000000
[+35.780] [hid] report: addr=b5:5d:e7:98:54:75 transport=BR_EDR len=15 data=007fff800080ff8000000000000000
[+35.848] [hid] report: addr=b5:5d:e7:98:54:75 transport=BR_EDR len=15 data=007fff800080ff8000000000000000
[+35.848] [hid] report: addr=b5:5d:e7:98:54:75 transport=BR_EDR len=15 data=007fff800080ff8000000000000000
[+35.848] [hid] report: addr=b5:5d:e7:98:54:75 transport=BR_EDR len=15 data=007fff800080ff8000000000000000
[+35.915] [hid] report: addr=b5:5d:e7:98:54:75 transport=BR_EDR len=15 data=007fff800080ff8000000000030000
[+35.915] [hid] report: addr=b5:5d:e7:98:54:75 transport=BR_EDR len=15 data=007fff800080ff8000000000030000
[+35.915] [hid] report: addr=b5:5d:e7:98:54:75 transport=BR_EDR len=15 data=007fff800080ff8000000000030000
[+35.983] [hid] report: addr=b5:5d:e7:98:54:75 transport=BR_EDR len=15 data=007fff800080ff8000000000030000
[+35.983] [hid] report: addr=b5:5d:e7:98:54:75 transport=BR_EDR len=15 data=007fff800080ff8000000000030000
[+35.983] [hid] report: addr=b5:5d:e7:98:54:75 transport=BR_EDR len=15 data=007fff800080ff8000000000030000
[+36.049] [hid] report: addr=b5:5d:e7:98:54:75 transport=BR_EDR len=15 data=007fff800080ff8000000000000000
[+36.049] [hid] report: addr=b5:5d:e7:98:54:75 transport=BR_EDR len=15 data=007fff800080ff8000000000000000
[+36.118] [hid] report: addr=b5:5d:e7:98:54:75 transport=BR_EDR len=15 data=007fff800080ff8000000000000000
[+36.118] [hid] report: addr=b5:5d:e7:98:54:75 transport=BR_EDR len=15 data=007fff800080ff8000000000000000
[+36.118] [hid] report: addr=b5:5d:e7:98:54:75 transport=BR_EDR len=15 data=007fff800080ff8000000000000000
[+36.185] [hid] report: addr=b5:5d:e7:98:54:75 transport=BR_EDR len=15 data=007fff800080ff8000000000000000
[+36.185] [hid] report: addr=b5:5d:e7:98:54:75 transport=BR_EDR len=15 data=007fff800080ff8000000000000000
[+36.185] [hid] report: addr=b5:5d:e7:98:54:75 transport=BR_EDR len=15 data=007fff800080ff8000000000000000
[+36.253] [hid] report: addr=b5:5d:e7:98:54:75 transport=BR_EDR len=15 data=007fff800080ff8000000000000000
[+36.253] [hid] report: addr=b5:5d:e7:98:54:75 transport=BR_EDR len=15 data=007fff800080ff8000000000000000
[+36.253] [hid] report: addr=b5:5d:e7:98:54:75 transport=BR_EDR len=15 data=007fff800080ff8000000000000000
[+36.320] [hid] report: addr=b5:5d:e7:98:54:75 transport=BR_EDR len=15 data=007fff800080ff8000000000000000
[+36.320] [hid] report: addr=b5:5d:e7:98:54:75 transport=BR_EDR len=15 data=007fff800080ff8000000000000000
[+36.320] [hid] report: addr=b5:5d:e7:98:54:75 transport=BR_EDR len=15 data=007fff800080ff8000000000000000
[+36.388] [hid] report: addr=b5:5d:e7:98:54:75 transport=BR_EDR len=15 data=007fff800080ff8000000000030000
[+36.388] [hid] report: addr=b5:5d:e7:98:54:75 transport=BR_EDR len=15 data=007fff800080ff8000000000030000
[+36.388] [hid] report: addr=b5:5d:e7:98:54:75 transport=BR_EDR len=15 data=007fff800080ff8000000000030000
[+36.455] [hid] report: addr=b5:5d:e7:98:54:75 transport=BR_EDR len=15 data=007fff800080ff8000000000030000
[+36.455] [hid] report: addr=b5:5d:e7:98:54:75 transport=BR_EDR len=15 data=007fff800080ff8000000000030000
[+36.455] [hid] report: addr=b5:5d:e7:98:54:75 transport=BR_EDR len=15 data=007fff800080ff8000000000030000
[+36.521] [hid] report: addr=b5:5d:e7:98:54:75 transport=BR_EDR len=15 data=007fff800080ff8000000000030000
[+36.521] [hid] report: addr=b5:5d:e7:98:54:75 transport=BR_EDR len=15 data=007fff800080ff8000000000030000
[+36.521] [hid] report: addr=b5:5d:e7:98:54:75 transport=BR_EDR len=15 data=007fff800080ff8000000000030000
[+36.590] [hid] report: addr=b5:5d:e7:98:54:75 transport=BR_EDR len=15 data=007fff800080ff8000000000030000
[+36.590] [hid] report: addr=b5:5d:e7:98:54:75 transport=BR_EDR len=15 data=007fff800080ff8000000000030000
[+36.590] [hid] report: addr=b5:5d:e7:98:54:75 transport=BR_EDR len=15 data=007fff800080ff8000000000030000
[+36.658] [hid] report: addr=b5:5d:e7:98:54:75 transport=BR_EDR len=15 data=007fff800080ff8000000000000000
[+36.658] [hid] report: addr=b5:5d:e7:98:54:75 transport=BR_EDR len=15 data=007fff800080ff8000000000000000
[+36.658] [hid] report: addr=b5:5d:e7:98:54:75 transport=BR_EDR len=15 data=007fff800080ff8000000000000000
[+36.725] [hid] report: addr=b5:5d:e7:98:54:75 transport=BR_EDR len=15 data=007fff800080ff8000000000000000
[+36.725] [hid] report: addr=b5:5d:e7:98:54:75 transport=BR_EDR len=15 data=007fff800080ff8000000000000000
[+36.725] [hid] report: addr=b5:5d:e7:98:54:75 transport=BR_EDR len=15 data=007fff800080ff8000000000000000
[+36.793] [hid] report: addr=b5:5d:e7:98:54:75 transport=BR_EDR len=15 data=007fff800080ff8000000000000000
[+36.793] [hid] report: addr=b5:5d:e7:98:54:75 transport=BR_EDR len=15 data=007fff800080ff8000000000000000
[+36.793] [hid] report: addr=b5:5d:e7:98:54:75 transport=BR_EDR len=15 data=007fff800080ff8000000000000000
[+36.860] [hid] report: addr=b5:5d:e7:98:54:75 transport=BR_EDR len=15 data=007fff800080ff8000000000000000
[+36.860] [hid] report: addr=b5:5d:e7:98:54:75 transport=BR_EDR len=15 data=007fff800080ff8000000000000000
[+36.860] [hid] report: addr=b5:5d:e7:98:54:75 transport=BR_EDR len=15 data=007fff7f0080ff8000000000000000
[+36.928] [hid] report: addr=b5:5d:e7:98:54:75 transport=BR_EDR len=15 data=007fff7f0080ff8000000000000000
[+36.928] [hid] report: addr=b5:5d:e7:98:54:75 transport=BR_EDR len=15 data=007fff7f0080ff8000000000000000
[+36.928] [hid] report: addr=b5:5d:e7:98:54:75 transport=BR_EDR len=15 data=007fff7f0080ff8000000000000000
[+36.994] [hid] report: addr=b5:5d:e7:98:54:75 transport=BR_EDR len=15 data=007fff7f0080ff8000000000000000
[+36.994] [hid] report: addr=b5:5d:e7:98:54:75 transport=BR_EDR len=15 data=007fff7f0080ff8000000000000000
[+36.994] [hid] report: addr=b5:5d:e7:98:54:75 transport=BR_EDR len=15 data=007fff7f0080ff8000000000000000
[+37.063] [hid] report: addr=b5:5d:e7:98:54:75 transport=BR_EDR len=15 data=007fff7f0080ff8000000000000000
[+37.063] [hid] report: addr=b5:5d:e7:98:54:75 transport=BR_EDR len=15 data=007fff7f0080ff8000000000000000
[+37.063] [hid] report: addr=b5:5d:e7:98:54:75 transport=BR_EDR len=15 data=007fff7f0080ff8000000000000000
[+37.130] [hid] report: addr=b5:5d:e7:98:54:75 transport=BR_EDR len=15 data=007fff7f0080ff8000000000000000
[+37.131] [hid] report: addr=b5:5d:e7:98:54:75 transport=BR_EDR len=15 data=007fff7f0080ff8000000000000000
[+37.131] [hid] report: addr=b5:5d:e7:98:54:75 transport=BR_EDR len=15 data=007fff7f0080ff8000000000000000
[+37.198] [hid] report: addr=b5:5d:e7:98:54:75 transport=BR_EDR len=15 data=007fff7f0080ff8000000000000000
[+37.198] [hid] report: addr=b5:5d:e7:98:54:75 transport=BR_EDR len=15 data=007fff7f0080ff8000000000000000
[+37.265] [hid] report: addr=b5:5d:e7:98:54:75 transport=BR_EDR len=15 data=007fff7f0080ff8000000000000000
[+37.265] [hid] report: addr=b5:5d:e7:98:54:75 transport=BR_EDR len=15 data=007fff7f0080ff8000000000000000
[+37.265] [hid] report: addr=b5:5d:e7:98:54:75 transport=BR_EDR len=15 data=007fff7f0080ff8000000000000000
[+37.331] [hid] report: addr=b5:5d:e7:98:54:75 transport=BR_EDR len=15 data=007fff7f0080ff8000000000000000
[+37.331] [hid] report: addr=b5:5d:e7:98:54:75 transport=BR_EDR len=15 data=007fff7f0080ff8000000000000000
[+37.331] [hid] report: addr=b5:5d:e7:98:54:75 transport=BR_EDR len=15 data=007fff7f0080ff8000000000000000
[+37.382] [hid] report: addr=b5:5d:e7:98:54:75 transport=BR_EDR len=15 data=007fff7f0080ff8000000000000000
[+37.382] [hid] report: addr=b5:5d:e7:98:54:75 transport=BR_EDR len=15 data=007fff7f0080ff8000000000000000
[+37.434] [hid] report: addr=b5:5d:e7:98:54:75 transport=BR_EDR len=15 data=007fff7f0080ff8000000000000000
[+37.434] [hid] report: addr=b5:5d:e7:98:54:75 transport=BR_EDR len=15 data=007fff7f0080ff8000000000000000
[+37.434] [hid] report: addr=b5:5d:e7:98:54:75 transport=BR_EDR len=15 data=007fff7f0080ff8000000000000000
[+37.501] [hid] report: addr=b5:5d:e7:98:54:75 transport=BR_EDR len=15 data=007fff7f0080ff8000000000000000
[+37.501] [hid] report: addr=b5:5d:e7:98:54:75 transport=BR_EDR len=15 data=007fff800080ff8000000000000000
[+37.501] [hid] report: addr=b5:5d:e7:98:54:75 transport=BR_EDR len=15 data=007fff800080ff8000000000000000
[+37.569] [hid] report: addr=b5:5d:e7:98:54:75 transport=BR_EDR len=15 data=007fff800080ff8000000000000000
[+37.569] [hid] report: addr=b5:5d:e7:98:54:75 transport=BR_EDR len=15 data=007fff800080ff8000000000030000
[+37.569] [hid] report: addr=b5:5d:e7:98:54:75 transport=BR_EDR len=15 data=007fff800080ff8000000000030000
[+37.636] [hid] report: addr=b5:5d:e7:98:54:75 transport=BR_EDR len=15 data=007fff800080ff8000000000030000
[+37.636] [hid] report: addr=b5:5d:e7:98:54:75 transport=BR_EDR len=15 data=007fff800080ff8000000000030000
[+37.636] [hid] report: addr=b5:5d:e7:98:54:75 transport=BR_EDR len=15 data=007fff800080ff8000000000030000
[+37.704] [hid] report: addr=b5:5d:e7:98:54:75 transport=BR_EDR len=15 data=007fff800080ff8000000000030000
[+37.704] [hid] report: addr=b5:5d:e7:98:54:75 transport=BR_EDR len=15 data=007fff800080ff8000000000030000
[+37.704] [hid] report: addr=b5:5d:e7:98:54:75 transport=BR_EDR len=15 data=007fff800080ff8000000000030000
[+37.771] [hid] report: addr=b5:5d:e7:98:54:75 transport=BR_EDR len=15 data=007fff800080ff8000000000030000
[+37.771] [hid] report: addr=b5:5d:e7:98:54:75 transport=BR_EDR len=15 data=007fff800080ff8000000000030000
[+37.771] [hid] report: addr=b5:5d:e7:98:54:75 transport=BR_EDR len=15 data=007fff800080ff8000000000030000
[+37.839] [hid] report: addr=b5:5d:e7:98:54:75 transport=BR_EDR len=15 data=007fff800080ff8000000000030000
[+37.839] [hid] report: addr=b5:5d:e7:98:54:75 transport=BR_EDR len=15 data=007fff800080ff8000000000030000
[+37.839] [hid] report: addr=b5:5d:e7:98:54:75 transport=BR_EDR len=15 data=007fff800080ff8000000000000000
[+37.906] [hid] report: addr=b5:5d:e7:98:54:75 transport=BR_EDR len=15 data=007fff7f0080ff8000000000000000
[+37.906] [hid] report: addr=b5:5d:e7:98:54:75 transport=BR_EDR len=15 data=007fff7f0080ff8000000000000000
[+37.906] [hid] report: addr=b5:5d:e7:98:54:75 transport=BR_EDR len=15 data=007fff7f0080ff8000000000000000
[+37.974] [hid] report: addr=b5:5d:e7:98:54:75 transport=BR_EDR len=15 data=007fff7f0080ff8000000000000000
[+37.974] [hid] report: addr=b5:5d:e7:98:54:75 transport=BR_EDR len=15 data=007fff7f0080ff8000000000000000
[+37.974] [hid] report: addr=b5:5d:e7:98:54:75 transport=BR_EDR len=15 data=007fff7f0080ff8000000000000000
[+38.040] [hid] report: addr=b5:5d:e7:98:54:75 transport=BR_EDR len=15 data=007fff7f0080ff8000000000000000
[+38.040] [hid] report: addr=b5:5d:e7:98:54:75 transport=BR_EDR len=15 data=007fff7f0080ff8000000000000000
[+38.040] [hid] report: addr=b5:5d:e7:98:54:75 transport=BR_EDR len=15 data=007fff7f0080ff8000000000000000
[+38.109] [hid] report: addr=b5:5d:e7:98:54:75 transport=BR_EDR len=15 data=007fff7f0080ff8000000000000000
[+38.109] [hid] report: addr=b5:5d:e7:98:54:75 transport=BR_EDR len=15 data=007fff7f0080ff8000000000000000
[+38.109] [hid] report: addr=b5:5d:e7:98:54:75 transport=BR_EDR len=15 data=007fff7f0080ff8000000000000000
[+38.177] [hid] report: addr=b5:5d:e7:98:54:75 transport=BR_EDR len=15 data=007fff7f0080ff8000000000000000
[+38.177] [hid] report: addr=b5:5d:e7:98:54:75 transport=BR_EDR len=15 data=007fff7f0080ff8000000000000000
[+38.232] BLE: 60:b0:2b:ef:a3:33, RSSI: -64, UUID: 0x0000, APPEARANCE: 0x0000, ADDR_TYPE: 'PUBLIC', NAME: 'U-ACGA332'
[+38.232] [hid] report: addr=b5:5d:e7:98:54:75 transport=BR_EDR len=15 data=007fff7f0080ff8000000000000000
[+38.232] BLE: 60:b0:2b:89:dd:ed, RSSI: -77, UUID: 0x0000, APPEARANCE: 0x0000, ADDR_TYPE: 'PUBLIC', NAME: 'U-ACGDDEC'
[+38.312] [hid] report: addr=b5:5d:e7:98:54:75 transport=BR_EDR len=15 data=007fff7f0080ff8000000000000000
[+38.312] [hid] report: addr=b5:5d:e7:98:54:75 transport=BR_EDR len=15 data=007fff7f0080ff8000000000000000
[+38.312] [hid] report: addr=b5:5d:e7:98:54:75 transport=BR_EDR len=15 data=007fff7f0080ff8000000000000000
[+38.412] [hid] report: addr=b5:5d:e7:98:54:75 transport=BR_EDR len=15 data=007fff7f0080ff8000000000000000
[+38.412] [hid] report: addr=b5:5d:e7:98:54:75 transport=BR_EDR len=15 data=007fff7f0080ff8000000000000000
[+38.412] [hid] report: addr=b5:5d:e7:98:54:75 transport=BR_EDR len=15 data=007fff7f0080ff8000000000000000
[+38.514] [hid] report: addr=b5:5d:e7:98:54:75 transport=BR_EDR len=15 data=007fff7f0080ff8000000000000000
[+38.514] [hid] report: addr=b5:5d:e7:98:54:75 transport=BR_EDR len=15 data=007fff7f0080ff8000000000000000
[+38.514] [hid] report: addr=b5:5d:e7:98:54:75 transport=BR_EDR len=15 data=007fff7f0080ff8000000000000000
[+38.616] [hid] report: addr=b5:5d:e7:98:54:75 transport=BR_EDR len=15 data=007fff7f0080ff8000000000000000
[+38.616] [hid] report: addr=b5:5d:e7:98:54:75 transport=BR_EDR len=15 data=007fff7f0080ff8000000000000000
[+38.616] [hid] report: addr=b5:5d:e7:98:54:75 transport=BR_EDR len=15 data=007fff7f0080ff8000000000000000
[+38.717] [hid] report: addr=b5:5d:e7:98:54:75 transport=BR_EDR len=15 data=007fff7f0080ff8000000000000000
[+38.717] [hid] report: addr=b5:5d:e7:98:54:75 transport=BR_EDR len=15 data=007fff7f0080ff8000000000000000
[+38.717] [hid] report: addr=b5:5d:e7:98:54:75 transport=BR_EDR len=15 data=007fff7f0080ff8000000000000000
[+38.819] [hid] report: addr=b5:5d:e7:98:54:75 transport=BR_EDR len=15 data=007fff7f0080ff8000000000000000
[+38.819] [hid] report: addr=b5:5d:e7:98:54:75 transport=BR_EDR len=15 data=007fff7f0080ff8000000000000000
[+38.819] [hid] report: addr=b5:5d:e7:98:54:75 transport=BR_EDR len=15 data=007fff7f0080ff8000000000000000
[+38.920] [hid] report: addr=b5:5d:e7:98:54:75 transport=BR_EDR len=15 data=007fff7f0080ff8000000000000000
[+38.920] [hid] report: addr=b5:5d:e7:98:54:75 transport=BR_EDR len=15 data=007fff7f0080ff8000000000000000
[+38.920] [hid] report: addr=b5:5d:e7:98:54:75 transport=BR_EDR len=15 data=007fff7f0080ff8000000000000000
[+39.013] BLE: 52:c1:31:f5:39:05, RSSI: -64, UUID: 0xfdaa, APPEARANCE: 0x0000, ADDR_TYPE: 'RANDOM'
[+39.013] [hid] report: addr=b5:5d:e7:98:54:75 transport=BR_EDR len=15 data=007fff7f0080ff8000000000000000
[+39.013] [hid] report: addr=b5:5d:e7:98:54:75 transport=BR_EDR len=15 data=007fff7f0080ff8000000000000000
[+39.013] [hid] report: addr=b5:5d:e7:98:54:75 transport=BR_EDR len=15 data=007fff7f0080ff8000000000000000
[+39.122] [hid] report: addr=b5:5d:e7:98:54:75 transport=BR_EDR len=15 data=007fff7f0080ff8000000000000000
[+39.122] [hid] report: addr=b5:5d:e7:98:54:75 transport=BR_EDR len=15 data=007fff7f0080ff8000000000000000
[+39.122] [hid] report: addr=b5:5d:e7:98:54:75 transport=BR_EDR len=15 data=007fff7f0080ff8000000000000000
[+39.188] [hid] report: addr=b5:5d:e7:98:54:75 transport=BR_EDR len=15 data=007fff7f0080ff8000000000000000
[+39.188] [hid] report: addr=b5:5d:e7:98:54:75 transport=BR_EDR len=15 data=007fff7f0080ff8000000000000000
[+39.256] [hid] report: addr=b5:5d:e7:98:54:75 transport=BR_EDR len=15 data=007fff7f0080ff8000000000000000
[+39.256] [hid] report: addr=b5:5d:e7:98:54:75 transport=BR_EDR len=15 data=007fff7f0080ff8000000000000000
[+39.307] [hid] report: addr=b5:5d:e7:98:54:75 transport=BR_EDR len=15 data=007fff7f0080ff8000000000000000
[+39.360] [hid] report: addr=b5:5d:e7:98:54:75 transport=BR_EDR len=15 data=007fff800080ff8000000000000000
[+39.360] [hid] report: addr=b5:5d:e7:98:54:75 transport=BR_EDR len=15 data=007fff800080ff8000000000000000
[+39.360] [hid] report: addr=b5:5d:e7:98:54:75 transport=BR_EDR len=15 data=007fff800080ff8000000000000000
[+39.458] [hid] report: addr=b5:5d:e7:98:54:75 transport=BR_EDR len=15 data=007fff800080ff8000000000030000
[+39.458] [hid] report: addr=b5:5d:e7:98:54:75 transport=BR_EDR len=15 data=007fff800080ff8000000000030000
[+39.458] [hid] report: addr=b5:5d:e7:98:54:75 transport=BR_EDR len=15 data=007fff800080ff8000000000030000
[+39.559] [hid] report: addr=b5:5d:e7:98:54:75 transport=BR_EDR len=15 data=007fff800080ff8000000000030000
[+39.559] [hid] report: addr=b5:5d:e7:98:54:75 transport=BR_EDR len=15 data=0080ff800080ff8000000000030000
[+39.611] [hid] report: addr=b5:5d:e7:98:54:75 transport=BR_EDR len=15 data=0080ff800080ff8000000000030000
[+39.661] [hid] report: addr=b5:5d:e7:98:54:75 transport=BR_EDR len=15 data=0080ff800080ff8000000000030000
[+39.661] [hid] report: addr=b5:5d:e7:98:54:75 transport=BR_EDR len=15 data=0080ff800080ff8000000000030000
[+39.712] [hid] report: addr=b5:5d:e7:98:54:75 transport=BR_EDR len=15 data=0080ff800080ff8000000000030000
[+39.762] [hid] report: addr=b5:5d:e7:98:54:75 transport=BR_EDR len=15 data=0080ff800080ff8000000000030000
[+39.762] [hid] report: addr=b5:5d:e7:98:54:75 transport=BR_EDR len=15 data=0080ff800080ff8000000000030000
[+39.813] [hid] report: addr=b5:5d:e7:98:54:75 transport=BR_EDR len=15 data=0080ff800080ff8000000000030000
[+39.863] [hid] report: addr=b5:5d:e7:98:54:75 transport=BR_EDR len=15 data=0080ff800080ff8000000000030000
[+39.863] [hid] report: addr=b5:5d:e7:98:54:75 transport=BR_EDR len=15 data=0080ff800080ff8000000000030000
[+39.914] [hid] report: addr=b5:5d:e7:98:54:75 transport=BR_EDR len=15 data=0080ff800080ff8000000000030000
[+39.965] [hid] report: addr=b5:5d:e7:98:54:75 transport=BR_EDR len=15 data=0080ff800080ff8000000000000000
[+39.965] [hid] report: addr=b5:5d:e7:98:54:75 transport=BR_EDR len=15 data=0080ff800080ff8000000000000000
[+40.016] [hid] report: addr=b5:5d:e7:98:54:75 transport=BR_EDR len=15 data=0080ff800080ff8000000000000000
[+40.067] [hid] report: addr=b5:5d:e7:98:54:75 transport=BR_EDR len=15 data=0080ff800080ff8000000000000000
[+40.167] [hid] report: addr=b5:5d:e7:98:54:75 transport=BR_EDR len=15 data=0080ff800080ff8000000000000000
[+40.167] [hid] report: addr=b5:5d:e7:98:54:75 transport=BR_EDR len=15 data=0080ff800080ff8000000000000000
[+40.167] [hid] report: addr=b5:5d:e7:98:54:75 transport=BR_EDR len=15 data=0080ff800080ff8000000000000000
[+40.272] [hid] report: addr=b5:5d:e7:98:54:75 transport=BR_EDR len=15 data=007fff800080ff8000000000000000
[+40.272] [hid] report: addr=b5:5d:e7:98:54:75 transport=BR_EDR len=15 data=007fff800080ff8000000000000000
[+40.272] [hid] report: addr=b5:5d:e7:98:54:75 transport=BR_EDR len=15 data=007fff800080ff8000000000000000
[+40.371] [hid] report: addr=b5:5d:e7:98:54:75 transport=BR_EDR len=15 data=007fff800080ff8000000000000000
[+40.371] [hid] report: addr=b5:5d:e7:98:54:75 transport=BR_EDR len=15 data=007fff800080ff8000000000030000
[+40.371] [hid] report: addr=b5:5d:e7:98:54:75 transport=BR_EDR len=15 data=007fff800080ff8000000000030000
[+40.472] [hid] report: addr=b5:5d:e7:98:54:75 transport=BR_EDR len=15 data=007fff800080ff8000000000030000
[+40.472] [hid] report: addr=b5:5d:e7:98:54:75 transport=BR_EDR len=15 data=007fff800080ff8000000000030000
[+40.472] [hid] report: addr=b5:5d:e7:98:54:75 transport=BR_EDR len=15 data=007fff800080ff8000000000030000
[+40.573] [hid] report: addr=b5:5d:e7:98:54:75 transport=BR_EDR len=15 data=007fff800080ff8000000000000000
[+40.573] [hid] report: addr=b5:5d:e7:98:54:75 transport=BR_EDR len=15 data=007fff800080ff8000000000000000
[+40.573] [hid] report: addr=b5:5d:e7:98:54:75 transport=BR_EDR len=15 data=007fff800080ff8000000000000000
[+40.641] [hid] report: addr=b5:5d:e7:98:54:75 transport=BR_EDR len=15 data=007fff800080ff8000000000000000
[+40.641] [hid] report: addr=b5:5d:e7:98:54:75 transport=BR_EDR len=15 data=007fff800080ff8000000000000000
[+40.707] [hid] report: addr=b5:5d:e7:98:54:75 transport=BR_EDR len=15 data=007fff800080ff8000000000000000
[+40.707] [hid] report: addr=b5:5d:e7:98:54:75 transport=BR_EDR len=15 data=007fff800080ff8000000000000000
[+40.758] [hid] report: addr=b5:5d:e7:98:54:75 transport=BR_EDR len=15 data=007fff800080ff8000000000000000
[+40.808] [hid] report: addr=b5:5d:e7:98:54:75 transport=BR_EDR len=15 data=007fff800080ff8000000000000000
[+40.808] [hid] report: addr=b5:5d:e7:98:54:75 transport=BR_EDR len=15 data=007fff800080ff8000000000000000
[+40.859] [hid] report: addr=b5:5d:e7:98:54:75 transport=BR_EDR len=15 data=007fff800080ff8000000000000000
[+40.911] [hid] report: addr=b5:5d:e7:98:54:75 transport=BR_EDR len=15 data=007fff800080ff8000000000000000
[+40.911] [hid] report: addr=b5:5d:e7:98:54:75 transport=BR_EDR len=15 data=007fff800080ff8000000000000000
[+40.911] [hid] report: addr=b5:5d:e7:98:54:75 transport=BR_EDR len=15 data=007fff800080ff8000000000000000
[+41.011] [hid] report: addr=b5:5d:e7:98:54:75 transport=BR_EDR len=15 data=007fff800080ff8000000000000000
[+41.011] [hid] report: addr=b5:5d:e7:98:54:75 transport=BR_EDR len=15 data=007fff800080ff8000000000000000
[+41.062] [hid] report: addr=b5:5d:e7:98:54:75 transport=BR_EDR len=15 data=007fff800080ff8000000000000000
[+41.115] [hid] report: addr=b5:5d:e7:98:54:75 transport=BR_EDR len=15 data=007fff800080ff8000000000000000
[+41.115] [hid] report: addr=b5:5d:e7:98:54:75 transport=BR_EDR len=15 data=007fff800080ff8000000000000000
[+41.115] [hid] report: addr=b5:5d:e7:98:54:75 transport=BR_EDR len=15 data=007fff800080ff8000000000000000
[+41.214] [hid] report: addr=b5:5d:e7:98:54:75 transport=BR_EDR len=15 data=007fff800080ff8000000000000000
[+41.214] [hid] report: addr=b5:5d:e7:98:54:75 transport=BR_EDR len=15 data=007fff800080ff8000000000000000
[+41.264] [hid] report: addr=b5:5d:e7:98:54:75 transport=BR_EDR len=15 data=007fff800080ff8000000000000000
[+41.315] [hid] report: addr=b5:5d:e7:98:54:75 transport=BR_EDR len=15 data=007fff800080ff8000000000000000
[+41.315] [hid] report: addr=b5:5d:e7:98:54:75 transport=BR_EDR len=15 data=007fff800080ff8000000000030000
[+41.366] [hid] report: addr=b5:5d:e7:98:54:75 transport=BR_EDR len=15 data=007fff800080ff8000000000030000
[+41.416] [hid] report: addr=b5:5d:e7:98:54:75 transport=BR_EDR len=15 data=007fff800080ff8000000000030000
[+41.416] [hid] report: addr=b5:5d:e7:98:54:75 transport=BR_EDR len=15 data=007fff800080ff8000000000030000
[+41.467] [hid] report: addr=b5:5d:e7:98:54:75 transport=BR_EDR len=15 data=007fff800080ff8000000000030000
[+41.517] [hid] report: addr=b5:5d:e7:98:54:75 transport=BR_EDR len=15 data=007fff800080ff8000000000030000
[+41.517] [hid] report: addr=b5:5d:e7:98:54:75 transport=BR_EDR len=15 data=007fff800080ff8000000000000000
[+41.568] [hid] report: addr=b5:5d:e7:98:54:75 transport=BR_EDR len=15 data=007fff800080ff8000000000000000
[+41.619] [hid] report: addr=b5:5d:e7:98:54:75 transport=BR_EDR len=15 data=007fff800080ff8000000000000000
[+41.619] [hid] report: addr=b5:5d:e7:98:54:75 transport=BR_EDR len=15 data=007fff800080ff8000000000000000
[+41.670] [hid] report: addr=b5:5d:e7:98:54:75 transport=BR_EDR len=15 data=007fff800080ff8000000000000000
[+41.720] [hid] report: addr=b5:5d:e7:98:54:75 transport=BR_EDR len=15 data=007fff800080ff8000000000000000
[+41.720] [hid] report: addr=b5:5d:e7:98:54:75 transport=BR_EDR len=15 data=007fff800080ff8000000000000000
[+41.720] [hid] report: addr=b5:5d:e7:98:54:75 transport=BR_EDR len=15 data=007fff800080ff8000000000000000
[+41.856] [hid] report: addr=b5:5d:e7:98:54:75 transport=BR_EDR len=15 data=007fff800080ff8000000000000000
[+41.856] [hid] report: addr=b5:5d:e7:98:54:75 transport=BR_EDR len=15 data=007fff800080ff8000000000000000
[+41.856] [hid] report: addr=b5:5d:e7:98:54:75 transport=BR_EDR len=15 data=007fff800080ff8000000000000000
[+41.956] [hid] report: addr=b5:5d:e7:98:54:75 transport=BR_EDR len=15 data=007fff800080ff8000000000000000
[+41.956] [hid] report: addr=b5:5d:e7:98:54:75 transport=BR_EDR len=15 data=007fff800080ff8000000000000000
[+41.956] [hid] report: addr=b5:5d:e7:98:54:75 transport=BR_EDR len=15 data=007fff800080ff8000000000000000
[+42.058] [hid] report: addr=b5:5d:e7:98:54:75 transport=BR_EDR len=15 data=007fff800080ff8000000000000000
[+42.058] [hid] report: addr=b5:5d:e7:98:54:75 transport=BR_EDR len=15 data=007fff800080ff8000000000000000
[+42.058] [hid] report: addr=b5:5d:e7:98:54:75 transport=BR_EDR len=15 data=007fff800080ff8000000000000000
[+42.159] [hid] report: addr=b5:5d:e7:98:54:75 transport=BR_EDR len=15 data=007fff800080ff8000000000000000
[+42.159] [hid] report: addr=b5:5d:e7:98:54:75 transport=BR_EDR len=15 data=007fff800080ff8000000000000000
[+42.159] [hid] report: addr=b5:5d:e7:98:54:75 transport=BR_EDR len=15 data=007fff800080ff8000000000000000
[+42.260] [hid] report: addr=b5:5d:e7:98:54:75 transport=BR_EDR len=15 data=007fff800080ff8000000000000000
[+42.260] [hid] report: addr=b5:5d:e7:98:54:75 transport=BR_EDR len=15 data=007fff800080ff8000000000000000
[+42.260] [hid] report: addr=b5:5d:e7:98:54:75 transport=BR_EDR len=15 data=007fff800080ff8000000000000000
[+42.362] [hid] report: addr=b5:5d:e7:98:54:75 transport=BR_EDR len=15 data=007fff800080ff8000000000000000
[+42.362] [hid] report: addr=b5:5d:e7:98:54:75 transport=BR_EDR len=15 data=007fff800080ff8000000000000000
[+42.362] [hid] report: addr=b5:5d:e7:98:54:75 transport=BR_EDR len=15 data=007fff800080ff8000000000000000
[+42.463] [hid] report: addr=b5:5d:e7:98:54:75 transport=BR_EDR len=15 data=007fff800080ff8000000000000000
[+42.463] [hid] report: addr=b5:5d:e7:98:54:75 transport=BR_EDR len=15 data=007fff800080ff8000000000000000
[+42.463] [hid] report: addr=b5:5d:e7:98:54:75 transport=BR_EDR len=15 data=007fff800080ff8000000000000000
[+42.564] [hid] report: addr=b5:5d:e7:98:54:75 transport=BR_EDR len=15 data=007fff800080ff8000000000000000
[+42.564] [hid] report: addr=b5:5d:e7:98:54:75 transport=BR_EDR len=15 data=007fff800080ff8000000000000000
[+42.564] [hid] report: addr=b5:5d:e7:98:54:75 transport=BR_EDR len=15 data=007fff800080ff8000000000000000
[+42.666] [hid] report: addr=b5:5d:e7:98:54:75 transport=BR_EDR len=15 data=007fff800080ff8000000000000000
[+42.666] [hid] report: addr=b5:5d:e7:98:54:75 transport=BR_EDR len=15 data=007fff800080ff8000000000000000
[+42.666] [hid] report: addr=b5:5d:e7:98:54:75 transport=BR_EDR len=15 data=007fff800080ff8000000000030000
[+42.767] [hid] report: addr=b5:5d:e7:98:54:75 transport=BR_EDR len=15 data=007fff800080ff8000000000030000
[+42.767] [hid] report: addr=b5:5d:e7:98:54:75 transport=BR_EDR len=15 data=007fff800080ff8000000000030000
[+42.767] [hid] report: addr=b5:5d:e7:98:54:75 transport=BR_EDR len=15 data=007fff800080ff8000000000030000
[+42.869] [hid] report: addr=b5:5d:e7:98:54:75 transport=BR_EDR len=15 data=007fff800080BLE: 4a:47:00:00:ae:a4, RSSI: -99, UUID: 0x1000, APPEARANCE: 0x0000, ff8000000000030000
[+42.869] ADDR_TYPE: 'PUBLIC'
[+42.869] [hid] report: addr=b5:5d:e7:98:54:75 transport=BR_EDR len=15 data=007fff800080ff8000000000000000
[+42.869] [hid] report: addr=b5:5d:e7:98:54:75 transport=BR_EDR len=15 data=007fff800080ff8000000000000000
[+42.970] [hid] report: addr=b5:5d:e7:98:54:75 transport=BR_EDR len=15 data=007fff800080ff8000000000000000
[+42.970] [hid] report: addr=b5:5d:e7:98:54:75 transport=BR_EDR len=15 data=007fff800080ff8000000000000000
[+42.970] [hid] report: addr=b5:5d:e7:98:54:75 transport=BR_EDR len=15 data=007fff800080ff8000000000000000
[+43.071] [hid] report: addr=b5:5d:e7:98:54:75 transport=BR_EDR len=15 data=0080ff800080ff8000000000000000
[+43.071] [hid] report: addr=b5:5d:e7:98:54:75 transport=BR_EDR len=15 data=0080ff800080ff8000000000000000
[+43.071] [hid] report: addr=b5:5d:e7:98:54:75 transport=BR_EDR len=15 data=0080ff800080ff8000000000000000
[+43.172] [hid] report: addr=b5:5d:e7:98:54:75 transport=BR_EDR len=15 data=0080ff800080ff8000000000000000
[+43.172] [hid] report: addr=b5:5d:e7:98:54:75 transport=BR_EDR len=15 data=0080ff800080ff8000000000000000
[+43.172] [hid] report: addr=b5:5d:e7:98:54:75 transport=BR_EDR len=15 data=0080ff800080ff8000000000000000
[+43.239] [hid] report: addr=b5:5d:e7:98:54:75 transport=BR_EDR len=15 data=0080ff800080ff8000000000000000
[+43.239] [hid] report: addr=b5:5d:e7:98:54:75 transport=BR_EDR len=15 data=0080ff800080ff8000000000000000
[+43.239] [hid] report: addr=b5:5d:e7:98:54:75 transport=BR_EDR len=15 data=0080ff800080ff8000000000000000
[+43.305] [hid] report: addr=b5:5d:e7:98:54:75 transport=BR_EDR len=15 data=0080ff800080ff8000000000000000
[+43.305] [hid] report: addr=b5:5d:e7:98:54:75 transport=BR_EDR len=15 data=0080ff800080ff8000000000000000
[+43.305] [hid] report: addr=b5:5d:e7:98:54:75 transport=BR_EDR len=15 data=0080ff800080ff8000000000000000
[+43.373] [hid] report: addr=b5:5d:e7:98:54:75 transport=BR_EDR len=15 data=0080ff800080ff8000000000000000
[+43.373] [hid] report: addr=b5:5d:e7:98:54:75 transport=BR_EDR len=15 data=0080ff800080ff8000000000000000
[+43.373] [hid] report: addr=b5:5d:e7:98:54:75 transport=BR_EDR len=15 data=0080ff800080ff8000000000000000
[+43.424] [hid] report: addr=b5:5d:e7:98:54:75 transport=BR_EDR len=15 data=0080ff800080ff8000000000000000
[+43.424] [hid] report: addr=b5:5d:e7:98:54:75 transport=BR_EDR len=15 data=0080ff800080ff8000000000000000
[+43.475] [hid] report: addr=b5:5d:e7:98:54:75 transport=BR_EDR len=15 data=0080ff800080ff8000000000000000
[+43.475] [hid] report: addr=b5:5d:e7:98:54:75 transport=BR_EDR len=15 data=0080ff800080ff8000000000000000
[+43.475] [hid] report: addr=b5:5d:e7:98:54:75 transport=BR_EDR len=15 data=0080ff800080ff8000000000000000
[+43.543] [hid] report: addr=b5:5d:e7:98:54:75 transport=BR_EDR len=15 data=0080ff800080ff8000000000000000
[+43.543] [hid] report: addr=b5:5d:e7:98:54:75 transport=BR_EDR len=15 data=0080ff800080ff8000000000000000
[+43.543] [hid] report: addr=b5:5d:e7:98:54:75 transport=BR_EDR len=15 data=0080ff800080ff8000000000000000
[+43.610] [hid] report: addr=b5:5d:e7:98:54:75 transport=BR_EDR len=15 data=0080ff800080ff8000000000000000
[+43.610] [hid] report: addr=b5:5d:e7:98:54:75 transport=BR_EDR len=15 data=0080ff800080ff8000000000000000
[+43.610] [hid] report: addr=b5:5d:e7:98:54:75 transport=BR_EDR len=15 data=0080ff800080ff8000000000000000
[+43.679] [hid] report: addr=b5:5d:e7:98:54:75 transport=BR_EDR len=15 data=0080ff800080ff8000000000000000
[+43.679] [hid] report: addr=b5:5d:e7:98:54:75 transport=BR_EDR len=15 data=0080ff800080ff8000000000000000
[+43.679] [hid] report: addr=b5:5d:e7:98:54:75 transport=BR_EDR len=15 data=0080ff800080ff8000000000000000
[+43.745] [hid] report: addr=b5:5d:e7:98:54:75 transport=BR_EDR len=15 data=0080ff800080ff8000000000000000
[+43.745] [hid] report: addr=b5:5d:e7:98:54:75 transport=BR_EDR len=15 data=0080ff800080ff8000000000000000
[+43.745] [hid] report: addr=b5:5d:e7:98:54:75 transport=BR_EDR len=15 data=0080ff800080ff8000000000000000
[+43.745] [hid] report: addr=b5:5d:e7:98:54:75 transport=BR_EDR len=15 data=0080ff800080ff8000000000000000
[+43.797] [hid] report: addr=b5:5d:e7:98:54:75 transport=BR_EDR len=15 data=0080ff800080ff8000000000000000
[+43.849] [hid] report: addr=b5:5d:e7:98:54:75 transport=BR_EDR len=15 data=0080ff800080ff8000000000000000
[+43.849] [hid] report: addr=b5:5d:e7:98:54:75 transport=BR_EDR len=15 data=0080ff800080ff8000000000000000
[+43.849] [hid] report: addr=b5:5d:e7:98:54:75 transport=BR_EDR len=15 data=0080ff800080ff8000000000000000
[+43.914] [hid] report: addr=b5:5d:e7:98:54:75 transport=BR_EDR len=15 data=0080ff800080ff8000000000000000
[+43.914] [hid] report: addr=b5:5d:e7:98:54:75 transport=BR_EDR len=15 data=0080ff800080ff8000000000000000
[+43.914] [hid] report: addr=b5:5d:e7:98:54:75 transport=BR_EDR len=15 data=0080ff800080ff8000000000000000
[+43.982] [hid] report: addr=b5:5d:e7:98:54:75 transport=BR_EDR len=15 data=0080ff800080ff8000000000000000
[+43.982] [hid] report: addr=b5:5d:e7:98:54:75 transport=BR_EDR len=15 data=0080ff800080ff8000000000000000
[+43.982] [hid] report: addr=b5:5d:e7:98:54:75 transport=BR_EDR len=15 data=0080ff800080ff8000000000000000
[+44.049] [hid] report: addr=b5:5d:e7:98:54:75 transport=BR_EDR len=15 data=0080ff800080ff8000000000000000
[+44.049] [hid] report: addr=b5:5d:e7:98:54:75 transport=BR_EDR len=15 data=0080ff800080ff8000000000000000
[+44.049] [hid] report: addr=b5:5d:e7:98:54:75 transport=BR_EDR len=15 data=0080ff800080ff8000000000000000
[+44.117] [hid] report: addr=b5:5d:e7:98:54:75 transport=BR_EDR len=15 data=0080ff800080ff8000000000000000
[+44.117] [hid] report: addr=b5:5d:e7:98:54:75 transport=BR_EDR len=15 data=0080ff800080ff8000000000000000
[+44.117] [hid] report: addr=b5:5d:e7:98:54:75 transport=BR_EDR len=15 data=0080ff800080ff8000000000000000
[+44.184] [hid] report: addr=b5:5d:e7:98:54:75 transport=BR_EDR len=15 data=0080ff800080ff8000000000000000
[+44.184] [hid] report: addr=b5:5d:e7:98:54:75 transport=BR_EDR len=15 data=0080ff800080ff8000000000000000
[+44.184] [hid] report: addr=b5:5d:e7:98:54:75 transport=BR_EDR len=15 data=0080ff800080ff8000000000000000
[+44.252] [hid] report: addr=b5:5d:e7:98:54:75 transport=BR_EDR len=15 data=0080ff800080ff8000000000000000
[+44.252] [hid] report: addr=b5:5d:e7:98:54:75 transport=BR_EDR len=15 data=0080ff800080ff8000000000000000
[+44.252] [hid] report: addr=b5:5d:e7:98:54:75 transport=BR_EDR len=15 data=0080ff800080ff8000000000000000
[+44.319] [hid] report: addr=b5:5d:e7:98:54:75 transport=BR_EDR len=15 data=0080ff800080ff8000000000000000
[+44.319] [hid] report: addr=b5:5d:e7:98:54:75 transport=BR_EDR len=15 data=0080ff800080ff8000000000000000
[+44.319] [hid] report: addr=b5:5d:e7:98:54:75 transport=BR_EDR len=15 data=0080ff800080ff8000000000000000
[+44.386] [hid] report: addr=b5:5d:e7:98:54:75 transport=BR_EDR len=15 data=0080ff800080ff8000000000000000
[+44.386] [hid] report: addr=b5:5d:e7:98:54:75 transport=BR_EDR len=15 data=0080ff800080ff8000000000000000
[+44.386] [hid] report: addr=b5:5d:e7:98:54:75 transport=BR_EDR len=15 data=0080ff800080ff8000000000000000
[+44.454] [hid] report: addr=b5:5d:e7:98:54:75 transport=BR_EDR len=15 data=0080ff800080ff8000000000000000
[+44.454] [hid] report: addr=b5:5d:e7:98:54:75 transport=BR_EDR len=15 data=0080ff800080ff8000000000000000
[+44.454] [hid] report: addr=b5:5d:e7:98:54:75 transport=BR_EDR len=15 data=0080ff800080ff8000000000000000
[+44.523] [hid] report: addr=b5:5d:e7:98:54:75 transport=BR_EDR len=15 data=0080ff800080ff8000000000000000
[+44.523] [hid] report: addr=b5:5d:e7:98:54:75 transport=BR_EDR len=15 data=0080ff800080ff8000000000000000
[+44.523] [hid] report: addr=b5:5d:e7:98:54:75 transport=BR_EDR len=15 data=0080ff800080ff8000000000000000
[+44.589] [hid] report: addr=b5:5d:e7:98:54:75 transport=BR_EDR len=15 data=0080ff800080ff8000000000000000
[+44.589] [hid] report: addr=b5:5d:e7:98:54:75 transport=BR_EDR len=15 data=0080ff800080ff8000000000000000
[+44.589] [hid] report: addr=b5:5d:e7:98:54:75 transport=BR_EDR len=15 data=0080ff800080ff8000000000000000
[+44.657] [hid] report: addr=b5:5d:e7:98:54:75 transport=BR_EDR len=15 data=0080ff800080ff8000000000000000
[+44.657] [hid] report: addr=b5:5d:e7:98:54:75 transport=BR_EDR len=15 data=0080ff800080ff8000000000000000
[+44.657] [hid] report: addr=b5:5d:e7:98:54:75 transport=BR_EDR len=15 data=0080ff800080ff8000000000000000
[+44.724] [hid] report: addr=b5:5d:e7:98:54:75 transport=BR_EDR len=15 data=0080ff800080ff8000000000000000
[+44.724] [hid] report: addr=b5:5d:e7:98:54:75 transport=BR_EDR len=15 data=0080ff800080ff8000000000000000
[+44.724] [hid] report: addr=b5:5d:e7:98:54:75 transport=BR_EDR len=15 data=0080ff800080ff8000000000000000
[+44.792] [hid] report: addr=b5:5d:e7:98:54:75 transport=BR_EDR len=15 data=0080ff800080ff8000000000000000
[+44.792] [hid] report: addr=b5:5d:e7:98:54:75 transport=BR_EDR len=15 data=0080ff800080ff8000000000000000
[+44.792] [hid] report: addr=b5:5d:e7:98:54:75 transport=BR_EDR len=15 data=0080ff800080ff8000000000000000
[+44.859] [hid] report: addr=b5:5d:e7:98:54:75 transport=BR_EDR len=15 data=0080ff800080ff8000000000000000
[+44.859] [hid] report: addr=b5:5d:e7:98:54:75 transport=BR_EDR len=15 data=0080ff800080ff8000000000000000
[+44.859] [hid] report: addr=b5:5d:e7:98:54:75 transport=BR_EDR len=15 data=0080ff800080ff8000000000000000
[+44.926] [hid] report: addr=b5:5d:e7:98:54:75 transport=BR_EDR len=15 data=0080ff800080ff8000000000000000
[+44.927] [hid] report: addr=b5:5d:e7:98:54:75 transport=BR_EDR len=15 data=0080ff800080ff8000000000000000
[+44.927] [hid] report: addr=b5:5d:e7:98:54:75 transport=BR_EDR len=15 data=0080ff800080ff8000000000000000
[+44.994] [hid] report: addr=b5:5d:e7:98:54:75 transport=BR_EDR len=15 data=0080ff800080ff8000000000000000
[+44.994] [hid] report: addr=b5:5d:e7:98:54:75 transport=BR_EDR len=15 data=0080ff800080ff8000000000000000
[+44.994] [hid] report: addr=b5:5d:e7:98:54:75 transport=BR_EDR len=15 data=0080ff800080ff8000000000000000
[+45.061] [hid] report: addr=b5:5d:e7:98:54:75 transport=BR_EDR len=15 data=0080ff800080ff8000000000000000
[+45.061] [hid] report: addr=b5:5d:e7:98:54:75 transport=BR_EDR len=15 data=0080ff800080ff8000000000000000
[+45.061] [hid] report: addr=b5:5d:e7:98:54:75 transport=BR_EDR len=15 data=0080ff800080ff8000000000000000
[+45.129] [hid] report: addr=b5:5d:e7:98:54:75 transport=BR_EDR len=15 data=0080ff800080ff8000000000030000
[+45.129] [hid] report: addr=b5:5d:e7:98:54:75 transport=BR_EDR len=15 data=0080ff800080ff8000000000030000
[+45.129] [hid] report: addr=b5:5d:e7:98:54:75 transport=BR_EDR len=15 data=0080ff800080ff8000000000030000
[+45.196] [hid] report: addr=b5:5d:e7:98:54:75 transport=BR_EDR len=15 data=0080ff800080ff8000000000030000
[+45.196] [hid] report: addr=b5:5d:e7:98:54:75 transport=BR_EDR len=15 data=0080ff800080ff8000000000030000
[+45.196] [hid] report: addr=b5:5d:e7:98:54:75 transport=BR_EDR len=15 data=0080ff800080ff8000000000030000
[+45.264] [hid] report: addr=b5:5d:e7:98:54:75 transport=BR_EDR len=15 data=0080ff800080ff8000000000030000
[+45.264] [hid] report: addr=b5:5d:e7:98:54:75 transport=BR_EDR len=15 data=0080ff800080ff8000000000030000
[+45.264] [hid] report: addr=b5:5d:e7:98:54:75 transport=BR_EDR len=15 data=0080ff800080ff8000000000030000
[+45.331] [hid] report: addr=b5:5d:e7:98:54:75 transport=BR_EDR len=15 data=0080ff800080ff8000000000000000
[+45.331] [hid] report: addr=b5:5d:e7:98:54:75 transport=BR_EDR len=15 data=0080ff800080ff8000000000000000
[+45.331] [hid] report: addr=b5:5d:e7:98:54:75 transport=BR_EDR len=15 data=0080ff800080ff8000000000000000
[+45.397] [hid] report: addr=b5:5d:e7:98:54:75 transport=BR_EDR len=15 data=0080ff800080ff8000000000000000
[+45.397] [hid] report: addr=b5:5d:e7:98:54:75 transport=BR_EDR len=15 data=0080ff800080ff8000000000000000
[+45.397] [hid] report: addr=b5:5d:e7:98:54:75 transport=BR_EDR len=15 data=0080ff800080ff8000000000000000
[+45.466] [hid] report: addr=b5:5d:e7:98:54:75 transport=BR_EDR len=15 data=0080ff800080ff8000000000000000
[+45.466] [hid] report: addr=b5:5d:e7:98:54:75 transport=BR_EDR len=15 data=0080ff800080ff8000000000000000
[+45.467] [hid] report: addr=b5:5d:e7:98:54:75 transport=BR_EDR len=15 data=0080ff800080ff8000000000000000
[+45.534] [hid] report: addr=b5:5d:e7:98:54:75 transport=BR_EDR len=15 data=0080ff800080ff8000000000000000
[+45.534] [hid] report: addr=b5:5d:e7:98:54:75 transport=BR_EDR len=15 data=0080ff800080ff8000000000000000
[+45.534] [hid] report: addr=b5:5d:e7:98:54:75 transport=BR_EDR len=15 data=0080ff800080ff8000000000000000
[+45.601] [hid] report: addr=b5:5d:e7:98:54:75 transport=BR_EDR len=15 data=0080ff800080ff8000000000000000
[+45.601] [hid] report: addr=b5:5d:e7:98:54:75 transport=BR_EDR len=15 data=0080ff800080ff8000000000000000
[+45.601] [hid] report: addr=b5:5d:e7:98:54:75 transport=BR_EDR len=15 data=0080ff800080ff8000000000000000
[+45.669] [hid] report: addr=b5:5d:e7:98:54:75 transport=BR_EDR len=15 data=0080ff800080ff8000000000000000
[+45.669] [hid] report: addr=b5:5d:e7:98:54:75 transport=BR_EDR len=15 data=0080ff800080ff8000000000000000
[+45.669] [hid] report: addr=b5:5d:e7:98:54:75 transport=BR_EDR len=15 data=0080ff800080ff8000000000000000
[+45.736] [hid] report: addr=b5:5d:e7:98:54:75 transport=BR_EDR len=15 data=0080ff800080ff8000000000000000
[+45.736] [hid] report: addr=b5:5d:e7:98:54:75 transport=BR_EDR len=15 data=0080ff800080ff8000000000000000
[+45.736] [hid] report: addr=b5:5d:e7:98:54:75 transport=BR_EDR len=15 data=0080ff800080ff8000000000000000
[+45.804] [hid] report: addr=b5:5d:e7:98:54:75 transport=BR_EDR len=15 data=0080ff800080ff8000000000000000
[+45.804] [hid] report: addr=b5:5d:e7:98:54:75 transport=BR_EDR len=15 data=0080ff800080ff8000000000000000
[+45.804] [hid] report: addr=b5:5d:e7:98:54:75 transport=BR_EDR len=15 data=0080ff800080ff8000000000000000
[+45.871] [hid] report: addr=b5:5d:e7:98:54:75 transport=BR_EDR len=15 data=0080ff800080ff8000000000000000
[+45.871] [hid] report: addr=b5:5d:e7:98:54:75 transport=BR_EDR len=15 data=0080ff800080ff8000000000000000
[+45.871] [hid] report: addr=b5:5d:e7:98:54:75 transport=BR_EDR len=15 data=0080ff800080ff8000000000000000
[+45.938] [hid] report: addr=b5:5d:e7:98:54:75 transport=BR_EDR len=15 data=0080ff800080ff8000000000000000
[+45.938] [hid] report: addr=b5:5d:e7:98:54:75 transport=BR_EDR len=15 data=0080ff800080ff8000000000000000
[+45.938] [hid] report: addr=b5:5d:e7:98:54:75 transport=BR_EDR len=15 data=0080ff800080ff8000000000000000
[+46.006] [hid] report: addr=b5:5d:e7:98:54:75 transport=BR_EDR len=15 data=0080ff800080ff8000000000000000
[+46.006] [hid] report: addr=b5:5d:e7:98:54:75 transport=BR_EDR len=15 data=0080ff800080ff8000000000000000
[+46.006] [hid] report: addr=b5:5d:e7:98:54:75 transport=BR_EDR len=15 data=0080ff800080ff8000000000000000
[+46.074] [hid] report: addr=b5:5d:e7:98:54:75 transport=BR_EDR len=15 data=0080ff800080ff8000000000000000
[+46.074] [hid] report: addr=b5:5d:e7:98:54:75 transport=BR_EDR len=15 data=0080ff800080ff8000000000000000
[+46.074] [hid] report: addr=b5:5d:e7:98:54:75 transport=BR_EDR len=15 data=0080ff800080ff8000000000000000
[+46.143] [hid] report: addr=b5:5d:e7:98:54:75 transport=BR_EDR len=15 data=0080ff800080ff8000000000000000
[+46.143] [hid] report: addr=b5:5d:e7:98:54:75 transport=BR_EDR len=15 data=0080ff800080ff8000000000000000
[+46.143] [hid] report: addr=b5:5d:e7:98:54:75 transport=BR_EDR len=15 data=0080ff800080ff8000000000000000
[+46.209] [hid] report: addr=b5:5d:e7:98:54:75 transport=BR_EDR len=15 data=0080ff800080ff8000000000000000
[+46.209] [hid] report: addr=b5:5d:e7:98:54:75 transport=BR_EDR len=15 data=0080ff800080ff8000000000000000
[+46.209] [hid] report: addr=b5:5d:e7:98:54:75 transport=BR_EDR len=15 data=0080ff800080ff8000000000000000
[+46.276] [hid] report: addr=b5:5d:e7:98:54:75 transport=BR_EDR len=15 data=0080ff800080ff8000000000000000
[+46.276] [hid] report: addr=b5:5d:e7:98:54:75 transport=BR_EDR len=15 data=0080ff800080ff8000000000000000
[+46.276] [hid] report: addr=b5:5d:e7:98:54:75 transport=BR_EDR len=15 data=0080ff800080ff8000000000000000
[+46.344] [hid] report: addr=b5:5d:e7:98:54:75 transport=BR_EDR len=15 data=0080ff800080ff8000000000000000
[+46.344] [hid] report: addr=b5:5d:e7:98:54:75 transport=BR_EDR len=15 data=0080ff800080ff8000000000000000
[+46.344] [hid] report: addr=b5:5d:e7:98:54:75 transport=BR_EDR len=15 data=0080ff800080ff8000000000000000
[+46.395] [hid] report: addr=b5:5d:e7:98:54:75 transport=BR_EDR len=15 data=0080ff800080ff8000000000000000
[+46.395] [hid] report: addr=b5:5d:e7:98:54:75 transport=BR_EDR len=15 data=0080ff800080ff8000000000000000
[+46.447] [hid] report: addr=b5:5d:e7:98:54:75 transport=BR_EDR len=15 data=0080ff800080ff8000000000000000
[+46.447] [hid] report: addr=b5:5d:e7:98:54:75 transport=BR_EDR len=15 data=0080ff800080ff8000000000000000
[+46.447] [hid] report: addr=b5:5d:e7:98:54:75 transport=BR_EDR len=15 data=0080ff800080ff8000000000000000
[+46.513] [hid] report: addr=b5:5d:e7:98:54:75 transport=BR_EDR len=15 data=0080ff800080ff8000000000000000
[+46.513] [hid] report: addr=b5:5d:e7:98:54:75 transport=BR_EDR len=15 data=0080ff800080ff8000000000000000
[+46.513] [hid] report: addr=b5:5d:e7:98:54:75 transport=BR_EDR len=15 data=0080ff800080ff8000000000000000
[+46.580] [hid] report: addr=b5:5d:e7:98:54:75 transport=BR_EDR len=15 data=0080ff800080ff8000000000000000
[+46.580] [hid] report: addr=b5:5d:e7:98:54:75 transport=BR_EDR len=15 data=0080ff800080ff8000000000000000
[+46.580] [hid] report: addr=b5:5d:e7:98:54:75 transport=BR_EDR len=15 data=0080ff800080ff8000000000000000
[+46.648] [hid] report: addr=b5:5d:e7:98:54:75 transport=BR_EDR len=15 data=0080ff800080ff8000000000000000
[+46.648] [hid] report: addr=b5:5d:e7:98:54:75 transport=BR_EDR len=15 data=0080ff800080ff8000000000000000
[+46.648] [hid] report: addr=b5:5d:e7:98:54:75 transport=BR_EDR len=15 data=0080ff800080ff8000000000000000
[+46.716] [hid] report: addr=b5:5d:e7:98:54:75 transport=BR_EDR len=15 data=0080ff800080ff8000000000000000
[+46.716] [hid] report: addr=b5:5d:e7:98:54:75 transport=BR_EDR len=15 data=0080ff800080ff8000000000000000
[+46.716] [hid] report: addr=b5:5d:e7:98:54:75 transport=BR_EDR len=15 data=0080ff800080ff8000000000000000
[+46.783] [hid] report: addr=b5:5d:e7:98:54:75 transport=BR_EDR len=15 data=0080ff800080ff8000000000000000
[+46.783] [hid] report: addr=b5:5d:e7:98:54:75 transport=BR_EDR len=15 data=0080ff800080ff8000000000000000
[+46.783] [hid] report: addr=b5:5d:e7:98:54:75 transport=BR_EDR len=15 data=0080ff800080ff8000000000000000
[+46.852] [hid] report: addr=b5:5d:e7:98:54:75 transport=BR_EDR len=15 data=0080ff800080ff8000000000000000
[+46.852] [hid] report: addr=b5:5d:e7:98:54:75 transport=BR_EDR len=15 data=0080ff800080ff8000000000000000
[+46.852] [hid] report: addr=b5:5d:e7:98:54:75 transport=BR_EDR len=15 data=0080ff800080ff8000000000000000
[+46.918] [hid] report: addr=b5:5d:e7:98:54:75 transport=BR_EDR len=15 data=0080ff800080ff8000000000000000
[+46.918] [hid] report: addr=b5:5d:e7:98:54:75 transport=BR_EDR len=15 data=0080ff800080ff8000000000000000
[+46.918] [hid] report: addr=b5:5d:e7:98:54:75 transport=BR_EDR len=15 data=0080ff800080ff8000000000030000
[+46.985] [hid] report: addr=b5:5d:e7:98:54:75 transport=BR_EDR len=15 data=0080ff800080ff8000000000030000
[+46.985] [hid] report: addr=b5:5d:e7:98:54:75 transport=BR_EDR len=15 data=0080ff800080ff8000000000030000
[+46.985] [hid] report: addr=b5:5d:e7:98:54:75 transport=BR_EDR len=15 data=0080ff800080ff8000000000030000
[+47.052] [hid] report: addr=b5:5d:e7:98:54:75 transport=BR_EDR len=15 data=0080ff800080ff8000000000030000
[+47.052] BLE: 60:b0:2b:ef:a3:33, RSSI: -65, UUID: 0x0000, APPEARANCE: 0x0000, ADDR_TYPE: 'PUBLIC', NAME: 'U-ACGA332'
[+47.103] BLE: 60:b0:2b:89:dd:ed, RSSI: -70, UUID: 0x0000, APPEARANCE: 0x0000, ADDR_TYPE: 'PUBLIC', NAME: 'U-ACGDDEC'
[+47.103] [hid] report: addr=b5:5d:e7:98:54:75 transport=BR_EDR len=15 data=0080ff800080ff8000000000030000
[+47.187] [hid] report: addr=b5:5d:e7:98:54:75 transport=BR_EDR len=15 data=0080ff800080ff8000000000030000
[+47.187] [hid] report: addr=b5:5d:e7:98:54:75 transport=BR_EDR len=15 data=0080ff800080ff8000000000030000
[+47.238] [hid] report: addr=b5:5d:e7:98:54:75 transport=BR_EDR len=15 data=0080ff800080ff8000000000030000
[+47.291] [hid] report: addr=b5:5d:e7:98:54:75 transport=BR_EDR len=15 data=0080ff800080ff8000000000030000
[+47.291] [hid] report: addr=b5:5d:e7:98:54:75 transport=BR_EDR len=15 data=0080ff800080ff8000000000030000
[+47.291] [hid] report: addr=b5:5d:e7:98:54:75 transport=BR_EDR len=15 data=0080ff800080ff8000000000030000
[+47.389] [hid] report: addr=b5:5d:e7:98:54:75 transport=BR_EDR len=15 data=0080ff800080ff8000000000000000
[+47.389] [hid] report: addr=b5:5d:e7:98:54:75 transport=BR_EDR len=15 data=0080ff800080ff8000000000000000
[+47.440] [hid] report: addr=b5:5d:e7:98:54:75 transport=BR_EDR len=15 data=0080ff800080ff8000000000000000
[+47.491] [hid] report: addr=b5:5d:e7:98:54:75 transport=BR_EDR len=15 data=0080ff800080ff8000000000000000
[+47.491] [hid] report: addr=b5:5d:e7:98:54:75 transport=BR_EDR len=15 data=0080ff800080ff8000000000000000
[+47.542] [hid] report: addr=b5:5d:e7:98:54:75 transport=BR_EDR len=15 data=0080ff800080ff8000000000000000
[+47.592] [hid] report: addr=b5:5d:e7:98:54:75 transport=BR_EDR len=15 data=0080ff800080ff8000000000000000
[+47.592] [hid] report: addr=b5:5d:e7:98:54:75 transport=BR_EDR len=15 data=0080ff800080ff8000000000000000
[+47.592] [hid] report: addr=b5:5d:e7:98:54:75 transport=BR_EDR len=15 data=0080ff800080ff8000000000000000
[+47.693] [hid] report: addr=b5:5d:e7:98:54:75 transport=BR_EDR len=15 data=0080ff800080ff8000000000000000
[+47.693] [hid] report: addr=b5:5d:e7:98:54:75 transport=BR_EDR len=15 data=0080ff800080ff8000000000000000
[+47.744] [hid] report: addr=b5:5d:e7:98:54:75 transport=BR_EDR len=15 data=0080ff800080ff8000000000000000
[+47.794] [hid] report: addr=b5:5d:e7:98:54:75 transport=BR_EDR len=15 data=0080ff800080ff8000000000000000
[+47.794] [hid] report: addr=b5:5d:e7:98:54:75 transport=BR_EDR len=15 data=0080ff800080ff8000000000000000
[+47.846] [hid] report: addr=b5:5d:e7:98:54:75 transport=BR_EDR len=15 data=0080ff800080ff8000000000000000
[+47.899] [hid] report: addr=b5:5d:e7:98:54:75 transport=BR_EDR len=15 data=0080ff800080ff8000000000000000
[+47.899] [hid] report: addr=b5:5d:e7:98:54:75 transport=BR_EDR len=15 data=0080ff800080ff8000000000000000
[+47.899] [hid] report: addr=b5:5d:e7:98:54:75 transport=BR_EDR len=15 data=0080ff800080ff8000000000000000
[+47.997] [hid] report: addr=b5:5d:e7:98:54:75 transport=BR_EDR len=15 data=0080ff800080ff8000000000000000
[+47.997] [hid] report: addr=b5:5d:e7:98:54:75 transport=BR_EDR len=15 data=0080ff800080ff8000000000000000
[+48.048] [hid] report: addr=b5:5d:e7:98:54:75 transport=BR_EDR len=15 data=0080ff800080ff8000000000000000
[+48.048] [hid] report: addr=b5:5d:e7:98:54:75 transport=BR_EDR len=15 data=0080ff800080ff8000000000000000
[+48.133] [hid] report: addr=b5:5d:e7:98:54:75 transport=BR_EDR len=15 data=0080ff800080ff8000000000000000
[+48.133] [hid] report: addr=b5:5d:e7:98:54:75 transport=BR_EDR len=15 data=0080ff800080ff8000000000000000
[+48.133] [hid] report: addr=b5:5d:e7:98:54:75 transport=BR_EDR len=15 data=0080ff800080ff8000000000000000
[+48.234] [hid] report: addr=b5:5d:e7:98:54:75 transport=BR_EDR len=15 data=0080ff800080ff8000000000000000
[+48.234] [hid] report: addr=b5:5d:e7:98:54:75 transport=BR_EDR len=15 data=0080ff800080ff8000000000000000
[+48.234] [hid] report: addr=b5:5d:e7:98:54:75 transport=BR_EDR len=15 data=0080ff800080ff8000000000000000
[+48.337] [hid] report: addr=b5:5d:e7:98:54:75 transport=BR_EDR len=15 data=0080ff800080ff8000000000000000
[+48.337] [hid] report: addr=b5:5d:e7:98:54:75 transport=BR_EDR len=15 data=0080ff800080ff8000000000000000
[+48.337] BLE: 52:c1:31:f5:39:05, RSSI: -64, UUID: 0xfdaa, APPEARANCE: 0x0000, ADDR_TYPE: 'RANDOM'
[+48.337] [hid] report: addr=b5:5d:e7:98:54:75 transport=BR_EDR len=15 data=0080ff800080ff8000000000000000
[+48.436] [hid] report: addr=b5:5d:e7:98:54:75 transport=BR_EDR len=15 data=0080ff800080ff8000000000000000
[+48.436] [hid] report: addr=b5:5d:e7:98:54:75 transport=BR_EDR len=15 data=0080ff800080ff8000000000000000
[+48.436] [hid] report: addr=b5:5d:e7:98:54:75 transport=BR_EDR len=15 data=0080ff800080ff8000000000000000
[+48.538] [hid] report: addr=b5:5d:e7:98:54:75 transport=BR_EDR len=15 data=0080ff800080ff8000000000000000
[+48.538] [hid] report: addr=b5:5d:e7:98:54:75 transport=BR_EDR len=15 data=0080ff800080ff8000000000000000
[+48.538] [hid] report: addr=b5:5d:e7:98:54:75 transport=BR_EDR len=15 data=0080ff800080ff8000000000000000
[+48.638] [hid] report: addr=b5:5d:e7:98:54:75 transport=BR_EDR len=15 data=0080ff800080ff8000000000000000
[+48.638] [hid] report: addr=b5:5d:e7:98:54:75 transport=BR_EDR len=15 data=0080ff800080ff8000000000000000
[+48.638] [hid] report: addr=b5:5d:e7:98:54:75 transport=BR_EDR len=15 data=0080ff800080ff8000000000000000
[+48.741] [hid] report: addr=b5:5d:e7:98:54:75 transport=BR_EDR len=15 data=0080ff800080ff8000000000000000
[+48.741] [hid] report: addr=b5:5d:e7:98:54:75 transport=BR_EDR len=15 data=0080ff800080ff8000000000000000
[+48.741] [hid] report: addr=b5:5d:e7:98:54:75 transport=BR_EDR len=15 data=0080ff800080ff8000000000000000
[+48.842] [hid] report: addr=b5:5d:e7:98:54:75 transport=BR_EDR len=15 data=0080ff800080ff8000000000030000
[+48.842] [hid] report: addr=b5:5d:e7:98:54:75 transport=BR_EDR len=15 data=0080ff800080ff8000000000030000
[+48.842] [hid] report: addr=b5:5d:e7:98:54:75 transport=BR_EDR len=15 data=0080ff800080ff8000000000030000
[+48.943] [hid] report: addr=b5:5d:e7:98:54:75 transport=BR_EDR len=15 data=0080ff800080ff8000000000030000
[+48.943] [hid] report: addr=b5:5d:e7:98:54:75 transport=BR_EDR len=15 data=0080ff800080ff8000000000030000
[+48.943] [hid] report: addr=b5:5d:e7:98:54:75 transport=BR_EDR len=15 data=0080ff800080ff8000000000030000
[+49.043] [hid] report: addr=b5:5d:e7:98:54:75 transport=BR_EDR len=15 data=0080ff800080ff8000000000030000
[+49.043] [hid] report: addr=b5:5d:e7:98:54:75 transport=BR_EDR len=15 data=0080ff800080ff8000000000030000
[+49.043] [hid] report: addr=b5:5d:e7:98:54:75 transport=BR_EDR len=15 data=0080ff800080ff8000000000030000
[+49.094] [hid] report: addr=b5:5d:e7:98:54:75 transport=BR_EDR len=15 data=0080ff800080ff8000000000030000
[+49.145] [hid] report: addr=b5:5d:e7:98:54:75 transport=BR_EDR len=15 data=0080ff800080ff8000000000030000
[+49.145] [hid] report: addr=b5:5d:e7:98:54:75 transport=BR_EDR len=15 data=0080ff800080ff8000000000030000
[+49.196] [hid] report: addr=b5:5d:e7:98:54:75 transport=BR_EDR len=15 data=0080ff800080ff8000000000030000
[+49.246] [hid] report: addr=b5:5d:e7:98:54:75 transport=BR_EDR len=15 data=0080ff800080ff8000000000030000
[+49.246] [hid] report: addr=b5:5d:e7:98:54:75 transport=BR_EDR len=15 data=0080ff800080ff8000000000030000
[+49.297] [hid] report: addr=b5:5d:e7:98:54:75 transport=BR_EDR len=15 data=0080ff800080ff8000000000030000
[+49.347] [hid] report: addr=b5:5d:e7:98:54:75 transport=BR_EDR len=15 data=0080ff800080ff8000000000000000
[+49.347] [hid] report: addr=b5:5d:e7:98:54:75 transport=BR_EDR len=15 data=0080ff800080ff8000000000000000
[+49.398] [hid] report: addr=b5:5d:e7:98:54:75 transport=BR_EDR len=15 data=0080ff800080ff8000000000000000
[+49.398] [hid] report: addr=b5:5d:e7:98:54:75 transport=BR_EDR len=15 data=0080ff800080ff8000000000000000
[+49.482] [hid] report: addr=b5:5d:e7:98:54:75 transport=BR_EDR len=15 data=0080ff800080ff8000000000000000
[+49.482] [hid] report: addr=b5:5d:e7:98:54:75 transport=BR_EDR len=15 data=0080ff800080ff8000000000000000
[+49.482] [hid] report: addr=b5:5d:e7:98:54:75 transport=BR_EDR len=15 data=0080ff800080ff8000000000000000
[+49.583] [hid] report: addr=b5:5d:e7:98:54:75 transport=BR_EDR len=15 data=0080ff800080ff8000000000000000
[+49.583] [hid] report: addr=b5:5d:e7:98:54:75 transport=BR_EDR len=15 data=0080ff800080ff8000000000000000
[+49.583] [hid] report: addr=b5:5d:e7:98:54:75 transport=BR_EDR len=15 data=0080ff800080ff8000000000000000
[+49.634] [hid] report: addr=b5:5d:e7:98:54:75 transport=BR_EDR len=15 data=0080ff800080ff8000000000000000
[+49.684] [hid] report: addr=b5:5d:e7:98:54:75 transport=BR_EDR len=15 data=0080ff800080ff8000000000000000
[+49.684] [hid] report: addr=b5:5d:e7:98:54:75 transport=BR_EDR len=15 data=0080ff800080ff8000000000000000
[+49.736] [hid] report: addr=b5:5d:e7:98:54:75 transport=BR_EDR len=15 data=0080ff800080ff8000000000000000
[+49.786] [hid] report: addr=b5:5d:e7:98:54:75 transport=BR_EDR len=15 data=0080ff800080ff8000000000000000
[+49.786] [hid] report: addr=b5:5d:e7:98:54:75 transport=BR_EDR len=15 data=0080ff800080ff8000000000000000
[+49.837] [hid] report: addr=b5:5d:e7:98:54:75 transport=BR_EDR len=15 data=0080ff800080ff8000000000000000
[+49.887] [hid] report: addr=b5:5d:e7:98:54:75 transport=BR_EDR len=15 data=0080ff800080ff8000000000000000
[+49.887] [hid] report: addr=b5:5d:e7:98:54:75 transport=BR_EDR len=15 data=0080ff800080ff8000000000000000
[+49.938] [hid] report: addr=b5:5d:e7:98:54:75 transport=BR_EDR len=15 data=0080ff800080ff8000000000000000
[+49.938] BLE: c1:4c:63:27:5f:a5, RSSI: -97, UUID: 0x0000, APPEARANCE: 0x0000, ADDR_TYPE: 'PUBLIC'
[+49.938] BLE: d4:5e:ec:43:1d:e3, RSSI: -107, UUID: 0x0000, APPEARANCE: 0x0000, ADDR_TYPE: 'PUBLIC'
[+49.989] [hid] report: addr=b5:5d:e7:98:54:75 transport=BR_EDR len=15 data=0080ff800080ff8000000000000000
[+49.989] [hid] report: addr=b5:5d:e7:98:54:75 transport=BR_EDR len=15 data=0080ff800080ff8000000000000000
[+49.989] [hid] report: addr=b5:5d:e7:98:54:75 transport=BR_EDR len=15 data=0080ff800080ff8000000000000000
[+50.090] [hid] report: addr=b5:5d:e7:98:54:75 transport=BR_EDR len=15 data=0080ff800080ff8000000000000000
[+50.090] [hid] report: addr=b5:5d:e7:98:54:75 transport=BR_EDR len=15 data=0080ff800080ff8000000000000000
[+50.140] [hid] report: addr=b5:5d:e7:98:54:75 transport=BR_EDR len=15 data=0080ff800080ff8000000000000000
[+50.191] [hid] report: addr=b5:5d:e7:98:54:75 transport=BR_EDR len=15 data=0080ff800080ff8000000000000000
[+50.191] [hid] report: addr=b5:5d:e7:98:54:75 transport=BR_EDR len=15 data=0080ff800080ff8000000000000000
[+50.191] [hid] report: addr=b5:5d:e7:98:54:75 transport=BR_EDR len=15 data=0080ff800080ff8000000000000000
[+50.292] [hid] report: addr=b5:5d:e7:98:54:75 transport=BR_EDR len=15 data=0080ff800080ff8000000000000000
[+50.292] [hid] report: addr=b5:5d:e7:98:54:75 transport=BR_EDR len=15 data=0080ff800080ff8000000000000000
[+50.343] [hid] report: addr=b5:5d:e7:98:54:75 transport=BR_EDR len=15 data=0080ff800080ff8000000000000000
[+50.393] [hid] report: addr=b5:5d:e7:98:54:75 transport=BR_EDR len=15 data=0080ff800080ff8000000000000000
[+50.393] [hid] report: addr=b5:5d:e7:98:54:75 transport=BR_EDR len=15 data=0080ff800080ff8000000000000000
[+50.444] [hid] report: addr=b5:5d:e7:98:54:75 transport=BR_EDR len=15 data=0080ff800080ff8000000000000000
[+50.530] [hid] report: addr=b5:5d:e7:98:54:75 transport=BR_EDR len=15 data=0080ff800080ff8000000000000000
[+50.530] [hid] report: addr=b5:5d:e7:98:54:75 transport=BR_EDR len=15 data=0080ff800080ff8000000000000000
[+50.596] [hid] report: addr=b5:5d:e7:98:54:75 transport=BR_EDR len=15 data=0080ff800080ff8000000000000000
[+50.596] [hid] report: addr=b5:5d:e7:98:54:75 transport=BR_EDR len=15 data=0080ff800080ff8000000000000000
[+50.647] [hid] report: addr=b5:5d:e7:98:54:75 transport=BR_EDR len=15 data=0080ff800080ff8000000000000000
[+50.700] [hid] report: addr=b5:5d:e7:98:54:75 transport=BR_EDR len=15 data=0080ff800080ff8000000000000000
[+50.700] [hid] report: addr=b5:5d:e7:98:54:75 transport=BR_EDR len=15 data=0080ff800080ff8000000000000000
[+50.700] [hid] report: addr=b5:5d:e7:98:54:75 transport=BR_EDR len=15 data=0080ff800080ff8000000000000000
[+50.765] [hid] report: addr=b5:5d:e7:98:54:75 transport=BR_EDR len=15 data=0080ff800080ff8000000000000000
[+50.833] [hid] report: addr=b5:5d:e7:98:54:75 transport=BR_EDR len=15 data=0080ff800080ff8000000000000000
[+50.833] [hid] report: addr=b5:5d:e7:98:54:75 transport=BR_EDR len=15 data=0080ff800080ff8000000000000000
[+50.833] [hid] report: addr=b5:5d:e7:98:54:75 transport=BR_EDR len=15 data=0080ff800080ff8000000000000000
[+50.934] [hid] report: addr=b5:5d:e7:98:54:75 transport=BR_EDR len=15 data=0080ff800080ff8000000000000000
[+50.934] [hid] report: addr=b5:5d:e7:98:54:75 transport=BR_EDR len=15 data=0080ff800080ff8000000000000000
[+50.934] [hid] report: addr=b5:5d:e7:98:54:75 transport=BR_EDR len=15 data=0080ff800080ff8000000000000000
[+51.035] [hid] report: addr=b5:5d:e7:98:54:75 transport=BR_EDR len=15 data=0080ff800080ff8000000000000000
[+51.035] [hid] report: addr=b5:5d:e7:98:54:75 transport=BR_EDR len=15 data=0080ff800080ff8000000000000000
[+51.035] [hid] report: addr=b5:5d:e7:98:54:75 transport=BR_EDR len=15 data=0080ff800080ff8000000000000000
[+51.035] [hid] report: addr=b5:5d:e7:98:54:75 transport=BR_EDR len=15 data=0080ff800080ff8000000000000000
[+51.087] [hid] report: addr=b5:5d:e7:98:54:75 transport=BR_EDR len=15 data=0080ff800080ff8000000000000000
[+51.139] [hid] report: addr=b5:5d:e7:98:54:75 transport=BR_EDR len=15 data=0080ff800080ff8000000000000000
[+51.139] [hid] report: addr=b5:5d:e7:98:54:75 transport=BR_EDR len=15 data=0080ff800080ff8000000000000000
[+51.139] [hid] report: addr=b5:5d:e7:98:54:75 transport=BR_EDR len=15 data=0080ff800080ff8000000000000000
[+51.237] [hid] report: addr=b5:5d:e7:98:54:75 transport=BR_EDR len=15 data=0080ff800080ff8000000000000000
[+51.237] [hid] report: addr=b5:5d:e7:98:54:75 transport=BR_EDR len=15 data=0080ff800080ff8000000000000000
[+51.288] [hid] report: addr=b5:5d:e7:98:54:75 transport=BR_EDR len=15 data=0080ff800080ff8000000000000000
[+51.338] [hid] report: addr=b5:5d:e7:98:54:75 transport=BR_EDR len=15 data=0080ff800080ff8000000000000000
[+51.338] [hid] report: addr=b5:5d:e7:98:54:75 transport=BR_EDR len=15 data=0080ff800080ff8000000000030000
[+51.389] [hid] report: addr=b5:5d:e7:98:54:75 transport=BR_EDR len=15 data=0080ff800080ff8000000000030000
[+51.440] [hid] report: addr=b5:5d:e7:98:54:75 transport=BR_EDR len=15 data=0080ff800080ff8000000000030000
[+51.440] [hid] report: addr=b5:5d:e7:98:54:75 transport=BR_EDR len=15 data=0080ff800080ff8000000000030000
[+51.490] [hid] report: addr=b5:5d:e7:98:54:75 transport=BR_EDR len=15 data=0080ff800080ff8000000000030000
[+51.541] [hid] report: addr=b5:5d:e7:98:54:75 transport=BR_EDR len=15 data=0080ff800080ff8000000000030000
[+51.541] [hid] report: addr=b5:5d:e7:98:54:75 transport=BR_EDR len=15 data=0080ff800080ff8000000000030000
[+51.592] [hid] report: addr=b5:5d:e7:98:54:75 transport=BR_EDR len=15 data=0080ff800080ff8000000000030000
[+51.642] [hid] report: addr=b5:5d:e7:98:54:75 transport=BR_EDR len=15 data=0080ff800080ff8000000000030000
[+51.642] [hid] report: addr=b5:5d:e7:98:54:75 transport=BR_EDR len=15 data=0080ff800080ff8000000000000000
[+51.693] [hid] report: addr=b5:5d:e7:98:54:75 transport=BR_EDR len=15 data=0080ff800080ff8000000000000000
[+51.746] [hid] report: addr=b5:5d:e7:98:54:75 transport=BR_EDR len=15 data=0080ff800080ff8000000000000000
[+51.746] [hid] report: addr=b5:5d:e7:98:54:75 transport=BR_EDR len=15 data=0080ff800080ff8000000000000000
[+51.746] [hid] report: addr=b5:5d:e7:98:54:75 transport=BR_EDR len=15 data=0080ff800080ff8000000000000000
[+51.845] [hid] report: addr=b5:5d:e7:98:54:75 transport=BR_EDR len=15 data=0080ff800080ff8000000000000000
[+51.845] [hid] report: addr=b5:5d:e7:98:54:75 transport=BR_EDR len=15 data=0080ff800080ff8000000000000000
[+51.845] [hid] report: addr=b5:5d:e7:98:54:75 transport=BR_EDR len=15 data=0080ff800080ff8000000000000000
[+51.946] [hid] report: addr=b5:5d:e7:98:54:75 transport=BR_EDR len=15 data=0080ff800080ff8000000000000000
[+51.946] [hid] report: addr=b5:5d:e7:98:54:75 transport=BR_EDR len=15 data=0080ff800080ff8000000000000000
[+51.997] [hid] report: addr=b5:5d:e7:98:54:75 transport=BR_EDR len=15 data=0080ff800080ff8000000000000000
[+52.047] [hid] report: addr=b5:5d:e7:98:54:75 transport=BR_EDR len=15 data=0080ff800080ff8000000000000000
[+52.047] [hid] report: addr=b5:5d:e7:98:54:75 transport=BR_EDR len=15 data=0080ff800080ff8000000000000000
[+52.098] [hid] report: addr=b5:5d:e7:98:54:75 transport=BR_EDR len=15 data=0080ff800080ff8000000000000000
[+52.098] [hid] report: addr=b5:5d:e7:98:54:75 transport=BR_EDR len=15 data=0080ff800080ff8000000000000000
[+52.149] [hid] report: addr=b5:5d:e7:98:54:75 transport=BR_EDR len=15 data=0080ff800080ff8000000000000000
[+52.149] [hid] report: addr=b5:5d:e7:98:54:75 transport=BR_EDR len=15 data=0080ff800080ff8000000000000000
[+52.149] [hid] report: addr=b5:5d:e7:98:54:75 transport=BR_EDR len=15 data=0080ff800080ff8000000000000000
[+52.217] [hid] report: addr=b5:5d:e7:98:54:75 transport=BR_EDR len=15 data=0080ff800080ff8000000000000000
[+52.217] [hid] report: addr=b5:5d:e7:98:54:75 transport=BR_EDR len=15 data=0080ff800080ff8000000000000000
[+52.217] [hid] report: addr=b5:5d:e7:98:54:75 transport=BR_EDR len=15 data=0080ff800080ff8000000000000000
[+52.284] [hid] report: addr=b5:5d:e7:98:54:75 transport=BR_EDR len=15 data=0080ff800080ff8000000000000000
[+52.284] [hid] report: addr=b5:5d:e7:98:54:75 transport=BR_EDR len=15 data=0080ff800080ff8000000000000000
[+52.284] [hid] report: addr=b5:5d:e7:98:54:75 transport=BR_EDR len=15 data=0080ff800080ff8000000000000000
[+52.351] [hid] report: addr=b5:5d:e7:98:54:75 transport=BR_EDR len=15 data=0080ff800080ff8000000000000000
[+52.351] [hid] report: addr=b5:5d:e7:98:54:75 transport=BR_EDR len=15 data=0080ff800080ff8000000000000000
[+52.351] [hid] report: addr=b5:5d:e7:98:54:75 transport=BR_EDR len=15 data=0080ff800080ff8000000000000000
[+52.419] [hid] report: addr=b5:5d:e7:98:54:75 transport=BR_EDR len=15 data=0080ff800080ff8000000000000000
[+52.419] [hid] report: addr=b5:5d:e7:98:54:75 transport=BR_EDR len=15 data=0080ff800080ff8000000000000000
[+52.419] [hid] report: addr=b5:5d:e7:98:54:75 transport=BR_EDR len=15 data=0080ff800080ff8000000000000000
[+52.486] [hid] report: addr=b5:5d:e7:98:54:75 transport=BR_EDR len=15 data=0080ff800080ff8000000000000000
[+52.486] [hid] report: addr=b5:5d:e7:98:54:75 transport=BR_EDR len=15 data=0080ff800080ff8000000000000000
[+52.486] [hid] report: addr=b5:5d:e7:98:54:75 transport=BR_EDR len=15 data=0080ff800080ff8000000000000000
[+52.554] [hid] report: addr=b5:5d:e7:98:54:75 transport=BR_EDR len=15 data=0080ff800080ff8000000000000000
[+52.554] [hid] report: addr=b5:5d:e7:98:54:75 transport=BR_EDR len=15 data=0080ff800080ff8000000000000000
[+52.554] [hid] report: addr=b5:5d:e7:98:54:75 transport=BR_EDR len=15 data=0080ff800080ff8000000000000000
[+52.621] [hid] report: addr=b5:5d:e7:98:54:75 transport=BR_EDR len=15 data=0080ff800080ff8000000000000000
[+52.621] [hid] report: addr=b5:5d:e7:98:54:75 transport=BR_EDR len=15 data=0080ff800080ff8000000000000000
[+52.621] [hid] report: addr=b5:5d:e7:98:54:75 transport=BR_EDR len=15 data=0080ff800080ff8000000000000000
[+52.687] [hid] report: addr=b5:5d:e7:98:54:75 transport=BR_EDR len=15 data=0080ff800080ff8000000000000000
[+52.687] [hid] report: addr=b5:5d:e7:98:54:75 transport=BR_EDR len=15 data=0080ff800080ff8000000000000000
[+52.687] [hid] report: addr=b5:5d:e7:98:54:75 transport=BR_EDR len=15 data=0080ff800080ff8000000000000000
[+52.756] [hid] report: addr=b5:5d:e7:98:54:75 transport=BR_EDR len=15 data=0080ff800080ff8000000000000000
[+52.756] [hid] report: addr=b5:5d:e7:98:54:75 transport=BR_EDR len=15 data=0080ff800080ff8000000000000000
[+52.756] [hid] report: addr=b5:5d:e7:98:54:75 transport=BR_EDR len=15 data=0080ff800080ff8000000000000000
[+52.824] [hid] report: addr=b5:5d:e7:98:54:75 transport=BR_EDR len=15 data=0080ff800080ff8000000000000000
[+52.824] [hid] report: addr=b5:5d:e7:98:54:75 transport=BR_EDR len=15 data=0080ff800080ff8000000000000000
[+52.824] [hid] report: addr=b5:5d:e7:98:54:75 transport=BR_EDR len=15 data=0080ff800080ff8000000000000000
[+52.891] [hid] report: addr=b5:5d:e7:98:54:75 transport=BR_EDR len=15 data=0080ff800080ff8000000000000000
[+52.891] [hid] report: addr=b5:5d:e7:98:54:75 transport=BR_EDR len=15 data=0080ff800080ff8000000000000000
[+52.891] [hid] report: addr=b5:5d:e7:98:54:75 transport=BR_EDR len=15 data=0080ff800080ff8000000000000000
[+52.959] [hid] report: addr=b5:5d:e7:98:54:75 transport=BR_EDR len=15 data=0080ff800080ff8000000000000000
[+52.959] [hid] report: addr=b5:5d:e7:98:54:75 transport=BR_EDR len=15 data=0080ff800080ff8000000000000000
[+52.959] [hid] report: addr=b5:5d:e7:98:54:75 transport=BR_EDR len=15 data=0080ff800080ff8000000000000000
[+53.026] [hid] report: addr=b5:5d:e7:98:54:75 transport=BR_EDR len=15 data=0080ff800080ff8000000000000000
[+53.026] [hid] report: addr=b5:5d:e7:98:54:75 transport=BR_EDR len=15 data=0080ff800080ff8000000000000000
[+53.026] [hid] report: addr=b5:5d:e7:98:54:75 transport=BR_EDR len=15 data=0080ff800080ff8000000000000000
[+53.094] [hid] report: addr=b5:5d:e7:98:54:75 transport=BR_EDR len=15 data=0080ff800080ff8000000000000000
[+53.094] [hid] report: addr=b5:5d:e7:98:54:75 transport=BR_EDR len=15 data=0080ff800080ff8000000000000000
[+53.094] [hid] report: addr=b5:5d:e7:98:54:75 transport=BR_EDR len=15 data=0080ff800080ff8000000000000000
[+53.162] [hid] report: addr=b5:5d:e7:98:54:75 transport=BR_EDR len=15 data=0080ff800080ff8000000000000000
[+53.162] [hid] report: addr=b5:5d:e7:98:54:75 transport=BR_EDR len=15 data=007fff800080ff8000000000000000
[+53.162] [hid] report: addr=b5:5d:e7:98:54:75 transport=BR_EDR len=15 data=007fff800080ff8000000000000000
[+53.229] [hid] report: addr=b5:5d:e7:98:54:75 transport=BR_EDR len=15 data=007fff800080ff8000000000000000
[+53.229] [hid] report: addr=b5:5d:e7:98:54:75 transport=BR_EDR len=15 data=007fff800080ff8000000000000000
[+53.229] [hid] report: addr=b5:5d:e7:98:54:75 transport=BR_EDR len=15 data=007fff800080ff8000000000000000
[+53.297] [hid] report: addr=b5:5d:e7:98:54:75 transport=BR_EDR len=15 data=007fff800080ff8000000000000000
[+53.297] [hid] report: addr=b5:5d:e7:98:54:75 transport=BR_EDR len=15 data=007fff800080ff8000000000000000
[+53.297] [hid] report: addr=b5:5d:e7:98:54:75 transport=BR_EDR len=15 data=007fff800080ff8000000000000000
[+53.364] [hid] report: addr=b5:5d:e7:98:54:75 transport=BR_EDR len=15 data=007fff800080ff8000000000000000
[+53.364] [hid] report: addr=b5:5d:e7:98:54:75 transport=BR_EDR len=15 data=007fff800080ff8000000000000000
[+53.364] [hid] report: addr=b5:5d:e7:98:54:75 transport=BR_EDR len=15 data=007fff800080ff8000000000000000
[+53.431] [hid] report: addr=b5:5d:e7:98:54:75 transport=BR_EDR len=15 data=007fff800080ff8000000000000000
[+53.431] [hid] report: addr=b5:5d:e7:98:54:75 transport=BR_EDR len=15 data=007fff800080ff8000000000000000
[+53.431] [hid] report: addr=b5:5d:e7:98:54:75 transport=BR_EDR len=15 data=007fff800080ff8000000000000000
[+53.499] [hid] report: addr=b5:5d:e7:98:54:75 transport=BR_EDR len=15 data=007fff800080ff8000000000000000
[+53.499] [hid] report: addr=b5:5d:e7:98:54:75 transport=BR_EDR len=15 data=007fff800080ff8000000000000000
[+53.499] [hid] report: addr=b5:5d:e7:98:54:75 transport=BR_EDR len=15 data=007fff800080ff8000000000000000
[+53.566] [hid] report: addr=b5:5d:e7:98:54:75 transport=BR_EDR len=15 data=007fff800080ff8000000000030000
[+53.566] [hid] report: addr=b5:5d:e7:98:54:75 transport=BR_EDR len=15 data=007fff800080ff8000000000030000
[+53.566] [hid] report: addr=b5:5d:e7:98:54:75 transport=BR_EDR len=15 data=007fff800080ff8000000000030000
[+53.634] [hid] report: addr=b5:5d:e7:98:54:75 transport=BR_EDR len=15 data=007fff800080ff8000000000030000
[+53.634] [hid] report: addr=b5:5d:e7:98:54:75 transport=BR_EDR len=15 data=007fff800080ff8000000000030000
[+53.634] [hid] report: addr=b5:5d:e7:98:54:75 transport=BR_EDR len=15 data=007fff800080ff8000000000030000
[+53.701] [hid] report: addr=b5:5d:e7:98:54:75 transport=BR_EDR len=15 data=007fff800080ff8000000000030000
[+53.701] [hid] report: addr=b5:5d:e7:98:54:75 transport=BR_EDR len=15 data=007fff800080ff8000000000030000
[+53.701] [hid] report: addr=b5:5d:e7:98:54:75 transport=BR_EDR len=15 data=007fff800080ff8000000000030000
[+53.770] [hid] report: addr=b5:5d:e7:98:54:75 transport=BR_EDR len=15 data=007fff800080ff8000000000000000
[+53.770] [hid] report: addr=b5:5d:e7:98:54:75 transport=BR_EDR len=15 data=007fff800080ff8000000000000000
[+53.770] [hid] report: addr=b5:5d:e7:98:54:75 transport=BR_EDR len=15 data=007fff800080ff8000000000000000
[+53.836] [hid] report: addr=b5:5d:e7:98:54:75 transport=BR_EDR len=15 data=007fff800080ff8000000000000000
[+53.837] [hid] report: addr=b5:5d:e7:98:54:75 transport=BR_EDR len=15 data=007fff800080ff8000000000000000
[+53.837] [hid] report: addr=b5:5d:e7:98:54:75 transport=BR_EDR len=15 data=007fff800080ff8000000000000000
[+53.903] [hid] report: addr=b5:5d:e7:98:54:75 transport=BR_EDR len=15 data=007fff800080ff8000000000000000
[+53.903] [hid] report: addr=b5:5d:e7:98:54:75 transport=BR_EDR len=15 data=007fff800080ff8000000000000000
[+53.903] [hid] report: addr=b5:5d:e7:98:54:75 transport=BR_EDR len=15 data=007fff800080ff8000000000000000
[+53.903] [hid] report: addr=b5:5d:e7:98:54:75 transport=BR_EDR len=15 data=007fff800080ff8000000000000000
[+53.970] [hid] report: addr=b5:5d:e7:98:54:75 transport=BR_EDR len=15 data=007fff800080ff8000000000000000
[+53.970] [hid] report: addr=b5:5d:e7:98:54:75 transport=BR_EDR len=15 data=007fff800080ff8000000000000000
[+54.021] [hid] report: addr=b5:5d:e7:98:54:75 transport=BR_EDR len=15 data=007fff800080ff8000000000000000
[+54.021] [hid] report: addr=b5:5d:e7:98:54:75 transport=BR_EDR len=15 data=007fff800080ff8000000000000000
[+54.073] [hid] report: addr=b5:5d:e7:98:54:75 transport=BR_EDR len=15 data=007fff800080ff8000000000000000
[+54.073] [hid] report: addr=b5:5d:e7:98:54:75 transport=BR_EDR len=15 data=007fff800080ff8000000000000000
[+54.073] [hid] report: addr=b5:5d:e7:98:54:75 transport=BR_EDR len=15 data=007fff800080ff8000000000000000
[+54.140] [hid] report: addr=b5:5d:e7:98:54:75 transport=BR_EDR len=15 data=007fff800080ff8000000000000000
[+54.140] [hid] report: addr=b5:5d:e7:98:54:75 transport=BR_EDR len=15 data=007fff800080ff8000000000000000
[+54.140] [hid] report: addr=b5:5d:e7:98:54:75 transport=BR_EDR len=15 data=007fff800080ff8000000000000000
[+54.208] [hid] report: addr=b5:5d:e7:98:54:75 transport=BR_EDR len=15 data=007fff800080ff8000000000000000
[+54.208] [hid] report: addr=b5:5d:e7:98:54:75 transport=BR_EDR len=15 data=007fff800080ff8000000000000000
[+54.208] [hid] report: addr=b5:5d:e7:98:54:75 transport=BR_EDR len=15 data=007fff800080ff8000000000000000
[+54.275] [hid] report: addr=b5:5d:e7:98:54:75 transport=BR_EDR len=15 data=007fff800080ff8000000000000000
[+54.275] [hid] report: addr=b5:5d:e7:98:54:75 transport=BR_EDR len=15 data=007fff800080ff8000000000000000
[+54.275] [hid] report: addr=b5:5d:e7:98:54:75 transport=BR_EDR len=15 data=007fff800080ff8000000000000000
[+54.343] [hid] report: addr=b5:5d:e7:98:54:75 transport=BR_EDR len=15 data=007fff800080ff8000000000000000
[+54.343] [hid] report: addr=b5:5d:e7:98:54:75 transport=BR_EDR len=15 data=007fff800080ff8000000000000000
[+54.343] [hid] report: addr=b5:5d:e7:98:54:75 transport=BR_EDR len=15 data=007fff800080ff8000000000000000
[+54.410] [hid] report: addr=b5:5d:e7:98:54:75 transport=BR_EDR len=15 data=007fff800080ff8000000000000000
[+54.410] [hid] report: addr=b5:5d:e7:98:54:75 transport=BR_EDR len=15 data=007fff800080ff8000000000000000
[+54.410] [hid] report: addr=b5:5d:e7:98:54:75 transport=BR_EDR len=15 data=007fff800080ff8000000000000000
[+54.478] [hid] report: addr=b5:5d:e7:98:54:75 transport=BR_EDR len=15 data=007fff800080ff8000000000000000
[+54.478] [hid] report: addr=b5:5d:e7:98:54:75 transport=BR_EDR len=15 data=007fff800080ff8000000000000000
[+54.478] [hid] report: addr=b5:5d:e7:98:54:75 transport=BR_EDR len=15 data=007fff800080ff8000000000000000
[+54.545] [hid] report: addr=b5:5d:e7:98:54:75 transport=BR_EDR len=15 data=007fff800080ff8000000000000000
[+54.545] [hid] report: addr=b5:5d:e7:98:54:75 transport=BR_EDR len=15 data=007fff800080ff8000000000000000
[+54.545] [hid] report: addr=b5:5d:e7:98:54:75 transport=BR_EDR len=15 data=007fff800080ff8000000000000000
[+54.612] [hid] report: addr=b5:5d:e7:98:54:75 transport=BR_EDR len=15 data=007fff800080ff8000000000000000
[+54.612] [hid] report: addr=b5:5d:e7:98:54:75 transport=BR_EDR len=15 data=007fff800080ff8000000000000000
[+54.612] [hid] report: addr=b5:5d:e7:98:54:75 transport=BR_EDR len=15 data=007fff800080ff8000000000000000
[+54.680] [hid] report: addr=b5:5d:e7:98:54:75 transport=BR_EDR len=15 data=007fff800080ff8000000000000000
[+54.680] [hid] report: addr=b5:5d:e7:98:54:75 transport=BR_EDR len=15 data=007fff800080ff8000000000000000
[+54.680] [hid] report: addr=b5:5d:e7:98:54:75 transport=BR_EDR len=15 data=007fff800080ff8000000000000000
[+54.748] [hid] report: addr=b5:5d:e7:98:54:75 transport=BR_EDR len=15 data=007fff800080ff8000000000000000
[+54.748] [hid] report: addr=b5:5d:e7:98:54:75 transport=BR_EDR len=15 data=007fff800080ff8000000000000000
[+54.748] [hid] report: addr=b5:5d:e7:98:54:75 transport=BR_EDR len=15 data=007fff800080ff8000000000000000
[+54.815] [hid] report: addr=b5:5d:e7:98:54:75 transport=BR_EDR len=15 data=007fff800080ff8000000000000000
[+54.815] [hid] report: addr=b5:5d:e7:98:54:75 transport=BR_EDR len=15 data=007fff800080ff8000000000000000
[+54.815] [hid] report: addr=b5:5d:e7:98:54:75 transport=BR_EDR len=15 data=007fff800080ff8000000000000000
[+54.883] [hid] report: addr=b5:5d:e7:98:54:75 transport=BR_EDR len=15 data=007fff800080ff8000000000000000
[+54.883] [hid] report: addr=b5:5d:e7:98:54:75 transport=BR_EDR len=15 data=007fff800080ff8000000000000000
[+54.883] [hid] report: addr=b5:5d:e7:98:54:75 transport=BR_EDR len=15 data=007fff800080ff8000000000000000
[+54.950] [hid] report: addr=b5:5d:e7:98:54:75 transport=BR_EDR len=15 data=007fff800080ff8000000000000000
[+54.950] [hid] report: addr=b5:5d:e7:98:54:75 transport=BR_EDR len=15 data=007fff800080ff8000000000000000
[+54.950] [hid] report: addr=b5:5d:e7:98:54:75 transport=BR_EDR len=15 data=007fff800080ff8000000000030000
[+55.016] [hid] report: addr=b5:5d:e7:98:54:75 transport=BR_EDR len=15 data=007fff800080ff8000000000030000
[+55.016] [hid] report: addr=b5:5d:e7:98:54:75 transport=BR_EDR len=15 data=007fff800080ff8000000000030000
[+55.016] [hid] report: addr=b5:5d:e7:98:54:75 transport=BR_EDR len=15 data=007fff800080ff8000000000030000
[+55.085] [hid] report: addr=b5:5d:e7:98:54:75 transport=BR_EDR len=15 data=007fff800080ff8000000000030000
[+55.085] [hid] report: addr=b5:5d:e7:98:54:75 transport=BR_EDR len=15 data=007fff800080ff8000000000030000
[+55.085] [hid] report: addr=b5:5d:e7:98:54:75 transport=BR_EDR len=15 data=007fff800080ff8000000000030000
[+55.153] [hid] report: addr=b5:5d:e7:98:54:75 transport=BR_EDR len=15 data=007fff800080ff8000000000030000
[+55.153] [hid] report: addr=b5:5d:e7:98:54:75 transport=BR_EDR len=15 data=007fff800080ff8000000000030000
[+55.153] [hid] report: addr=b5:5d:e7:98:54:75 transport=BR_EDR len=15 data=007fff800080ff8000000000000000
[+55.220] [hid] report: addr=b5:5d:e7:98:54:75 transport=BR_EDR len=15 data=007fff800080ff8000000000000000
[+55.220] [hid] report: addr=b5:5d:e7:98:54:75 transport=BR_EDR len=15 data=007fff800080ff8000000000000000
[+55.220] [hid] report: addr=b5:5d:e7:98:54:75 transport=BR_EDR len=15 data=007fff800080ff8000000000000000
[+55.288] [hid] report: addr=b5:5d:e7:98:54:75 transport=BR_EDR len=15 data=007fff800080ff8000000000000000
[+55.288] [hid] report: addr=b5:5d:e7:98:54:75 transport=BR_EDR len=15 data=007fff800080ff8000000000000000
[+55.288] [hid] report: addr=b5:5d:e7:98:54:75 transport=BR_EDR len=15 data=007fff800080ff8000000000000000
[+55.355] [hid] report: addr=b5:5d:e7:98:54:75 transport=BR_EDR len=15 data=007fff800080ff8000000000000000
[+55.355] [hid] report: addr=b5:5d:e7:98:54:75 transport=BR_EDR len=15 data=007fff800080ff8000000000000000
[+55.355] [hid] report: addr=b5:5d:e7:98:54:75 transport=BR_EDR len=15 data=007fff800080ff8000000000000000
[+55.423] [hid] report: addr=b5:5d:e7:98:54:75 transport=BR_EDR len=15 data=007fff800080ff8000000000000000
[+55.423] [hid] report: addr=b5:5d:e7:98:54:75 transport=BR_EDR len=15 data=007fff800080ff8000000000000000
[+55.423] [hid] report: addr=b5:5d:e7:98:54:75 transport=BR_EDR len=15 data=007fff800080ff8000000000000000
[+55.490] [hid] report: addr=b5:5d:e7:98:54:75 transport=BR_EDR len=15 data=007fff800080ff8000000000000000
[+55.490] [hid] report: addr=b5:5d:e7:98:54:75 transport=BR_EDR len=15 data=007fff800080ff8000000000000000
[+55.490] [hid] report: addr=b5:5d:e7:98:54:75 transport=BR_EDR len=15 data=007fff800080ff8000000000000000
[+55.557] [hid] report: addr=b5:5d:e7:98:54:75 transport=BR_EDR len=15 data=007fff800080ff8000000000000000
[+55.557] [hid] report: addr=b5:5d:e7:98:54:75 transport=BR_EDR len=15 data=007fff800080ff8000000000000000
[+55.557] [hid] report: addr=b5:5d:e7:98:54:75 transport=BR_EDR len=15 data=007fff800080ff8000000000000000
[+55.624] [hid] report: addr=b5:5d:e7:98:54:75 transport=BR_EDR len=15 data=007fff800080ff8000000000000000
[+55.624] [hid] report: addr=b5:5d:e7:98:54:75 transport=BR_EDR len=15 data=007fff800080ff8000000000000000
[+55.624] [hid] report: addr=b5:5d:e7:98:54:75 transport=BR_EDR len=15 data=007fff800080ff8000000000000000
[+55.693] [hid] report: addr=b5:5d:e7:98:54:75 transport=BR_EDR len=15 data=007fff800080ff8000000000000000
[+55.693] [hid] report: addr=b5:5d:e7:98:54:75 transport=BR_EDR len=15 data=007fff800080ff8000000000000000
[+55.693] [hid] report: addr=b5:5d:e7:98:54:75 transport=BR_EDR len=15 data=007fff800080ff8000000000000000
[+55.760] [hid] report: addr=b5:5d:e7:98:54:75 transport=BR_EDR len=15 data=007fff800080ff8000000000000000
[+55.760] [hid] report: addr=b5:5d:e7:98:54:75 transport=BR_EDR len=15 data=007fff800080ff8000000000000000
[+55.760] [hid] report: addr=b5:5d:e7:98:54:75 transport=BR_EDR len=15 data=007fff800080ff8000000000000000
[+55.828] [hid] report: addr=b5:5d:e7:98:54:75 transport=BR_EDR len=15 data=007fff800080ff8000000000000000
[+55.828] [hid] report: addr=b5:5d:e7:98:54:75 transport=BR_EDR len=15 data=007fff800080ff8000000000000000
[+55.828] [hid] report: addr=b5:5d:e7:98:54:75 transport=BR_EDR len=15 data=007fff800080ff8000000000000000
[+55.895] [hid] report: addr=b5:5d:e7:98:54:75 transport=BR_EDR len=15 data=007fff800080ff8000000000000000
[+55.895] [hid] report: addr=b5:5d:e7:98:54:75 transport=BR_EDR len=15 data=007fff800080ff8000000000000000
[+55.895] [hid] report: addr=b5:5d:e7:98:54:75 transport=BR_EDR len=15 data=007fff800080ff8000000000000000
[+55.970] BLE: 60:b0:2b:89:dd:ed, RSSI: -69, UUID: 0x0000, APPEARANCE: 0x0000, ADDR_TYPE: 'PUBLIC', NAME: 'U-ACGDDEC'
[+55.970] BLE: 60:b0:2b:ef:a3:33, RSSI: -65, UUID: 0x0000, APPEARANCE: 0x0000, ADDR_TYPE: 'PUBLIC', NAME: 'U-ACGA332'
[+55.970] BLE: c1:4c:63:27:5f:a5, RSSI: -97, UUID: 0x0000, APPEARANCE: 0x0000, ADDR_TYPE: 'PUBLIC'
[+55.970] BLE: 60:b0:2b:89:dd:ed, RSSI: -70, UUID: 0x0000, APPEARANCE: 0x0000, ADDR_TYPE: 'PUBLIC'
[+55.970] [hid] report: addr=b5:5d:e7:98:54:75 transport=BR_EDR len=15 data=007fff800080ff8000000000000000
[+56.022] [hid] report: addr=b5:5d:e7:98:54:75 transport=BR_EDR len=15 data=007fff800080ff8000000000000000
[+56.022] [hid] report: addr=b5:5d:e7:98:54:75 transport=BR_EDR len=15 data=007fff800080ff8000000000000000
[+56.098] [hid] report: addr=b5:5d:e7:98:54:75 transport=BR_EDR len=15 data=007fff800080ff8000000000000000
[+56.098] [hid] report: addr=b5:5d:e7:98:54:75 transport=BR_EDR len=15 data=007fff800080ff8000000000000000
[+56.164] [hid] report: addr=b5:5d:e7:98:54:75 transport=BR_EDR len=15 data=007fff800080ff8000000000000000
[+56.164] [hid] report: addr=b5:5d:e7:98:54:75 transport=BR_EDR len=15 data=007fff800080ff8000000000000000
[+56.215] [hid] report: addr=b5:5d:e7:98:54:75 transport=BR_EDR len=15 data=007fff800080ff8000000000000000
[+56.266] [hid] report: addr=b5:5d:e7:98:54:75 transport=BR_EDR len=15 data=007fff800080ff8000000000000000
[+56.266] [hid] report: addr=b5:5d:e7:98:54:75 transport=BR_EDR len=15 data=007fff800080ff8000000000000000
[+56.317] [hid] report: addr=b5:5d:e7:98:54:75 transport=BR_EDR len=15 data=007fff800080ff8000000000000000
[+56.367] [hid] report: addr=b5:5d:e7:98:54:75 transport=BR_EDR len=15 data=0080ff800080ff8000000000000000
[+56.367] [hid] report: addr=b5:5d:e7:98:54:75 transport=BR_EDR len=15 data=0080ff800080ff8000000000000000
[+56.418] [hid] report: addr=b5:5d:e7:98:54:75 transport=BR_EDR len=15 data=0080ff800080ff8000000000000000
[+56.472] [hid] report: addr=b5:5d:e7:98:54:75 transport=BR_EDR len=15 data=0080ff800080ff8000000000030000
[+56.472] [hid] report: addr=b5:5d:e7:98:54:75 transport=BR_EDR len=15 data=0080ff800080ff8000000000030000
[+56.472] [hid] report: addr=b5:5d:e7:98:54:75 transport=BR_EDR len=15 data=0080ff800080ff8000000000030000
[+56.570] [hid] report: addr=b5:5d:e7:98:54:75 transport=BR_EDR len=15 data=0080ff800080ff8000000000030000
[+56.570] [hid] report: addr=b5:5d:e7:98:54:75 transport=BR_EDR len=15 data=0080ff800080ff8000000000030000
[+56.621] [hid] report: addr=b5:5d:e7:98:54:75 transport=BR_EDR len=15 data=0080ff800080ff8000000000030000
[+56.671] [hid] report: addr=b5:5d:e7:98:54:75 transport=BR_EDR len=15 data=0080ff800080ff8000000000030000
[+56.671] [hid] report: addr=b5:5d:e7:98:54:75 transport=BR_EDR len=15 data=0080ff800080ff8000000000030000
[+56.722] [hid] report: addr=b5:5d:e7:98:54:75 transport=BR_EDR len=15 data=0080ff800080ff8000000000030000
[+56.772] [hid] report: addr=b5:5d:e7:98:54:75 transport=BR_EDR len=15 data=0080ff800080ff8000000000030000
[+56.772] [hid] report: addr=b5:5d:e7:98:54:75 transport=BR_EDR len=15 data=0080ff800080ff8000000000030000
[+56.823] [hid] report: addr=b5:5d:e7:98:54:75 transport=BR_EDR len=15 data=0080ff800080ff8000000000030000
[+56.873] [hid] report: addr=b5:5d:e7:98:54:75 transport=BR_EDR len=15 data=0080ff800080ff8000000000030000
[+56.873] [hid] report: addr=b5:5d:e7:98:54:75 transport=BR_EDR len=15 data=0080ff800080ff8000000000030000
[+56.925] [hid] report: addr=b5:5d:e7:98:54:75 transport=BR_EDR len=15 data=0080ff800080ff8000000000030000
[+56.925] [hid] report: addr=b5:5d:e7:98:54:75 transport=BR_EDR len=15 data=0080ff800080ff8000000000000000
[+57.008] [hid] report: addr=b5:5d:e7:98:54:75 transport=BR_EDR len=15 data=0080ff800080ff8000000000000000
[+57.008] [hid] report: addr=b5:5d:e7:98:54:75 transport=BR_EDR len=15 data=0080ff800080ff8000000000000000
[+57.008] [hid] report: addr=b5:5d:e7:98:54:75 transport=BR_EDR len=15 data=0080ff800080ff8000000000000000
[+57.111] [hid] report: addr=b5:5d:e7:98:54:75 transport=BR_EDR len=15 data=0080ff800080ff8000000000000000
[+57.111] [hid] report: addr=b5:5d:e7:98:54:75 transport=BR_EDR len=15 data=0080ff800080ff8000000000000000
[+57.111] [hid] report: addr=b5:5d:e7:98:54:75 transport=BR_EDR len=15 data=0080ff800080ff8000000000000000
[+57.212] [hid] report: addr=b5:5d:e7:98:54:75 transport=BR_EDR len=15 data=0080ff800080ff8000000000000000
[+57.212] [hid] report: addr=b5:5d:e7:98:54:75 transport=BR_EDR len=15 data=0080ff800080ff8000000000000000
[+57.212] [hid] report: addr=b5:5d:e7:98:54:75 transport=BR_EDR len=15 data=0080ff800080ff8000000000000000
[+57.313] [hid] report: addr=b5:5d:e7:98:54:75 transport=BR_EDR len=15 data=0080ff800080ff8000000000000000
[+57.313] [hid] report: addr=b5:5d:e7:98:54:75 transport=BR_EDR len=15 data=0080ff800080ff8000000000000000
[+57.313] [hid] report: addr=b5:5d:e7:98:54:75 transport=BR_EDR len=15 data=0080ff800080ff8000000000000000
[+57.414] [hid] report: addr=b5:5d:e7:98:54:75 transport=BR_EDR len=15 data=0080ff800080ff8000000000000000
[+57.414] [hid] report: addr=b5:5d:e7:98:54:75 transport=BR_EDR len=15 data=0080ff800080ff8000000000000000
[+57.414] [hid] report: addr=b5:5d:e7:98:54:75 transport=BR_EDR len=15 data=0080ff800080ff8000000000000000
[+57.515] [hid] report: addr=b5:5d:e7:98:54:75 transport=BR_EDR len=15 data=0080ff800080ff8000000000000000
[+57.515] [hid] report: addr=b5:5d:e7:98:54:75 transport=BR_EDR len=15 data=0080ff800080ff8000000000000000
[+57.515] [hid] report: addr=b5:5d:e7:98:54:75 transport=BR_EDR len=15 data=0080ff800080ff8000000000000000
[+57.616] [hid] report: addr=b5:5d:e7:98:54:75 transport=BR_EDR len=15 data=0080ff800080ff8000000000000000
[+57.616] [hid] report: addr=b5:5d:e7:98:54:75 transport=BR_EDR len=15 data=0080ff800080ff8000000000000000
[+57.616] [hid] report: addr=b5:5d:e7:98:54:75 transport=BR_EDR len=15 data=0080ff800080ff8000000000000000
[+57.686] BLE: 52:c1:31:f5:39:05, RSSI: -63, UUID: 0xfdaa, APPEARANCE: 0x0000, ADDR_TYPE: 'RANDOM'
[+57.686] [hid] report: addr=b5:5d:e7:98:54:75 transport=BR_EDR len=15 data=0080ff800080ff8000000000000000
[+57.736] [hid] report: addr=b5:5d:e7:98:54:75 transport=BR_EDR len=15 data=0080ff800080ff8000000000000000
[+57.736] [hid] report: addr=b5:5d:e7:98:54:75 transport=BR_EDR len=15 data=0080ff800080ff8000000000000000
[+57.820] [hid] report: addr=b5:5d:e7:98:54:75 transport=BR_EDR len=15 data=0080ff800080ff8000000000000000
[+57.820] [hid] report: addr=b5:5d:e7:98:54:75 transport=BR_EDR len=15 data=0080ff800080ff8000000000000000
[+57.820] [hid] report: addr=b5:5d:e7:98:54:75 transport=BR_EDR len=15 data=0080ff800080ff8000000000000000
[+57.921] [hid] report: addr=b5:5d:e7:98:54:75 transport=BR_EDR len=15 data=0080ff800080ff8000000000000000
[+57.921] [hid] report: addr=b5:5d:e7:98:54:75 transport=BR_EDR len=15 data=0080ff800080ff8000000000000000
[+57.921] [hid] report: addr=b5:5d:e7:98:54:75 transport=BR_EDR len=15 data=0080ff800080ff8000000000000000
[+58.022] [hid] report: addr=b5:5d:e7:98:54:75 transport=BR_EDR len=15 data=0080ff800080ff8000000000000000
[+58.022] [hid] report: addr=b5:5d:e7:98:54:75 transport=BR_EDR len=15 data=0080ff800080ff8000000000000000
[+58.022] [hid] report: addr=b5:5d:e7:98:54:75 transport=BR_EDR len=15 data=0080ff800080ff8000000000000000
[+58.124] [hid] report: addr=b5:5d:e7:98:54:75 transport=BR_EDR len=15 data=0080ff800080ff8000000000000000
[+58.124] [hid] report: addr=b5:5d:e7:98:54:75 transport=BR_EDR len=15 data=0080ff800080ff8000000000000000
[+58.124] [hid] report: addr=b5:5d:e7:98:54:75 transport=BR_EDR len=15 data=007fff800080ff8000000000000000
[+58.224] [hid] report: addr=b5:5d:e7:98:54:75 transport=BR_EDR len=15 data=007fff800080ff8000000000000000
[+58.224] [hid] report: addr=b5:5d:e7:98:54:75 transport=BR_EDR len=15 data=007fff800080ff8000000000000000
[+58.224] [hid] report: addr=b5:5d:e7:98:54:75 transport=BR_EDR len=15 data=007fff800080ff8000000000000000
[+58.325] [hid] report: addr=b5:5d:e7:98:54:75 transport=BR_EDR len=15 data=007fff800080ff8000000000000000
[+58.326] [hid] report: addr=b5:5d:e7:98:54:75 transport=BR_EDR len=15 data=007fff800080ff8000000000000000
[+58.326] [hid] report: addr=b5:5d:e7:98:54:75 transport=BR_EDR len=15 data=007fff800080ff8000000000000000
[+58.393] [hid] report: addr=b5:5d:e7:98:54:75 transport=BR_EDR len=15 data=007fff800080ff8000000000000000
[+58.393] [hid] report: addr=b5:5d:e7:98:54:75 transport=BR_EDR len=15 data=007fff800080ff8000000000000000
[+58.393] [hid] report: addr=b5:5d:e7:98:54:75 transport=BR_EDR len=15 data=007fff800080ff8000000000000000
[+58.460] [hid] report: addr=b5:5d:e7:98:54:75 transport=BR_EDR len=15 data=007fff800080ff8000000000000000
[+58.460] [hid] report: addr=b5:5d:e7:98:54:75 transport=BR_EDR len=15 data=007fff800080ff8000000000000000
[+58.510] [hid] report: addr=b5:5d:e7:98:54:75 transport=BR_EDR len=15 data=007fff800080ff8000000000000000
[+58.561] [hid] report: addr=b5:5d:e7:98:54:75 transport=BR_EDR len=15 data=007fff800080ff8000000000000000
[+58.561] [hid] report: addr=b5:5d:e7:98:54:75 transport=BR_EDR len=15 data=007fff800080ff8000000000000000
[+58.561] [hid] report: addr=b5:5d:e7:98:54:75 transport=BR_EDR len=15 data=007fff800080ff8000000000000000
[+58.662] [hid] report: addr=b5:5d:e7:98:54:75 transport=BR_EDR len=15 data=007fff800080ff8000000000000000
[+58.662] [hid] report: addr=b5:5d:e7:98:54:75 transport=BR_EDR len=15 data=007fff800080ff8000000000000000
[+58.713] [hid] report: addr=b5:5d:e7:98:54:75 transport=BR_EDR len=15 data=007fff800080ff8000000000000000
[+58.763] [hid] report: addr=b5:5d:e7:98:54:75 transport=BR_EDR len=15 data=007fff800080ff8000000000000000
[+58.763] [hid] report: addr=b5:5d:e7:98:54:75 transport=BR_EDR len=15 data=007fff800080ff8000000000000000
[+58.814] [hid] report: addr=b5:5d:e7:98:54:75 transport=BR_EDR len=15 data=007fff800080ff8000000000000000
[+58.865] [hid] report: addr=b5:5d:e7:98:54:75 transport=BR_EDR len=15 data=007fff800080ff8000000000000000
[+58.865] [hid] report: addr=b5:5d:e7:98:54:75 transport=BR_EDR len=15 data=007fff800080ff8000000000000000
[+58.915] [hid] report: addr=b5:5d:e7:98:54:75 transport=BR_EDR len=15 data=007fff800080ff8000000000000000
[+58.967] [hid] report: addr=b5:5d:e7:98:54:75 transport=BR_EDR len=15 data=007fff800080ff8000000000000000
[+58.967] [hid] report: addr=b5:5d:e7:98:54:75 transport=BR_EDR len=15 data=007fff800080ff8000000000000000
[+58.967] [hid] report: addr=b5:5d:e7:98:54:75 transport=BR_EDR len=15 data=007fff800080ff8000000000000000
[+59.067] [hid] report: addr=b5:5d:e7:98:54:75 transport=BR_EDR len=15 data=007fff800080ff8000000000000000
[+59.067] [hid] report: addr=b5:5d:e7:98:54:75 transport=BR_EDR len=15 data=007fff800080ff8000000000000000
[+59.067] [hid] report: addr=b5:5d:e7:98:54:75 transport=BR_EDR len=15 data=007fff800080ff8000000000000000
[+59.169] [hid] report: addr=b5:5d:e7:98:54:75 transport=BR_EDR len=15 data=007fff800080ff8000000000000000
[+59.169] [hid] report: addr=b5:5d:e7:98:54:75 transport=BR_EDR len=15 data=007fff800080ff8000000000000000
[+59.220] [hid] report: addr=b5:5d:e7:98:54:75 transport=BR_EDR len=15 data=007fff800080ff8000000000000000
[+59.270] [hid] report: addr=b5:5d:e7:98:54:75 transport=BR_EDR len=15 data=007fff800080ff8000000000000000
[+59.270] [hid] report: addr=b5:5d:e7:98:54:75 transport=BR_EDR len=15 data=007fff800080ff8000000000000000
[+59.270] [hid] report: addr=b5:5d:e7:98:54:75 transport=BR_EDR len=15 data=007fff800080ff8000000000000000
[+59.372] [hid] report: addr=b5:5d:e7:98:54:75 transport=BR_EDR len=15 data=007fff800080ff8000000000000000
[+59.372] [hid] report: addr=b5:5d:e7:98:54:75 transport=BR_EDR len=15 data=007fff800080ff8000000000000000
[+59.372] [hid] report: addr=b5:5d:e7:98:54:75 transport=BR_EDR len=15 data=007fff800080ff8000000000000000
[+59.472] [hid] report: addr=b5:5d:e7:98:54:75 transport=BR_EDR len=15 data=007fff800080ff8000000000000000
[+59.472] [hid] report: addr=b5:5d:e7:98:54:75 transport=BR_EDR len=15 data=007fff800080ff8000000000000000
[+59.472] [hid] report: addr=b5:5d:e7:98:54:75 transport=BR_EDR len=15 data=007fff800080ff8000000000000000
[+59.575] [hid] report: addr=b5:5d:e7:98:54:75 transport=BR_EDR len=15 data=007fff800080ff8000000000000000
[+59.575] [hid] report: addr=b5:5d:e7:98:54:75 transport=BR_EDR len=15 data=007fff800080ff8000000000000000
[+59.575] [hid] report: addr=b5:5d:e7:98:54:75 transport=BR_EDR len=15 data=007fff800080ff8000000000000000
[+59.676] [hid] report: addr=b5:5d:e7:98:54:75 transport=BR_EDR len=15 data=007fff800080ff8000000000000000
[+59.676] [hid] report: addr=b5:5d:e7:98:54:75 transport=BR_EDR len=15 data=007fff800080ff8000000000000000
[+59.676] [hid] report: addr=b5:5d:e7:98:54:75 transport=BR_EDR len=15 data=007fff800080ff8000000000000000
[+59.744] [hid] report: addr=b5:5d:e7:98:54:75 transport=BR_EDR len=15 data=007fff800080ff8000000000030000
[+59.744] [hid] report: addr=b5:5d:e7:98:54:75 transport=BR_EDR len=15 data=007fff800080ff8000000000030000
[+59.812] [hid] report: addr=b5:5d:e7:98:54:75 transport=BR_EDR len=15 data=007fff800080ff8000000000030000
[+59.812] [hid] report: addr=b5:5d:e7:98:54:75 transport=BR_EDR len=15 data=007fff800080ff8000000000030000
[+59.812] [hid] report: addr=b5:5d:e7:98:54:75 transport=BR_EDR len=15 data=007fff800080ff8000000000030000
[+59.911] [hid] report: addr=b5:5d:e7:98:54:75 transport=BR_EDR len=15 data=007fff800080ff8000000000030000
[+59.911] [hid] report: addr=b5:5d:e7:98:54:75 transport=BR_EDR len=15 data=007fff800080ff8000000000030000
[+59.962] [hid] report: addr=b5:5d:e7:98:54:75 transport=BR_EDR len=15 data=007fff800080ff8000000000030000
[+60.012] [hid] report: addr=b5:5d:e7:98:54:75 transport=BR_EDR len=15 data=007fff800080ff8000000000000000
[+60.012] [hid] report: addr=b5:5d:e7:98:54:75 transport=BR_EDR len=15 data=007fff800080ff8000000000000000
[+60.012] [hid] report: addr=b5:5d:e7:98:54:75 transport=BR_EDR len=15 data=007fff800080ff80000000000000